,Date,Username,Tweet
0,2022-11-30 11:05:01+00:00,naira_rates,"Wed November, 11:05:01 AM 

ğŸ’µ 1 USD &gt;&gt;&gt;&gt;&gt; â‚¦755.717
ğŸ’· 1 GBP &gt;&gt;&gt;&gt;&gt; â‚¦919.712
ğŸ’¶ 1 EUR &gt;&gt;&gt;&gt;&gt; â‚¦795.260

 v1.0.6"
1,2022-11-29 11:05:01+00:00,naira_rates,"Tue November, 11:05:01 AM 

ğŸ’µ 1 USD &gt;&gt;&gt;&gt;&gt; â‚¦773.201
ğŸ’· 1 GBP &gt;&gt;&gt;&gt;&gt; â‚¦946.124
ğŸ’¶ 1 EUR &gt;&gt;&gt;&gt;&gt; â‚¦814.975

 v1.0.6"
2,2022-11-28 11:05:02+00:00,naira_rates,"Mon November, 11:05:02 AM 

ğŸ’µ 1 USD &gt;&gt;&gt;&gt;&gt; â‚¦773.201
ğŸ’· 1 GBP &gt;&gt;&gt;&gt;&gt; â‚¦948.180
ğŸ’¶ 1 EUR &gt;&gt;&gt;&gt;&gt; â‚¦816.395

 v1.0.6"
3,2022-11-27 11:05:01+00:00,naira_rates,"Sun November, 11:05:01 AM 

ğŸ’µ 1 USD &gt;&gt;&gt;&gt;&gt; â‚¦773.201
ğŸ’· 1 GBP &gt;&gt;&gt;&gt;&gt; â‚¦949.074
ğŸ’¶ 1 EUR &gt;&gt;&gt;&gt;&gt; â‚¦815.302

 v1.0.6"
4,2022-11-26 11:05:01+00:00,naira_rates,"Sat November, 11:05:01 AM 

ğŸ’µ 1 USD &gt;&gt;&gt;&gt;&gt; â‚¦773.201
ğŸ’· 1 GBP &gt;&gt;&gt;&gt;&gt; â‚¦949.074
ğŸ’¶ 1 EUR &gt;&gt;&gt;&gt;&gt; â‚¦815.302

 v1.0.6"
5,2022-11-25 11:05:01+00:00,naira_rates,"Fri November, 11:05:01 AM 

ğŸ’µ 1 USD &gt;&gt;&gt;&gt;&gt; â‚¦768.460
ğŸ’· 1 GBP &gt;&gt;&gt;&gt;&gt; â‚¦942.696
ğŸ’¶ 1 EUR &gt;&gt;&gt;&gt;&gt; â‚¦813.560

 v1.0.6"
6,2022-11-24 11:05:01+00:00,naira_rates,"Thu November, 11:05:01 AM 

ğŸ’µ 1 USD &gt;&gt;&gt;&gt;&gt; â‚¦770.823
ğŸ’· 1 GBP &gt;&gt;&gt;&gt;&gt; â‚¦931.371
ğŸ’¶ 1 EUR &gt;&gt;&gt;&gt;&gt; â‚¦807.775

 v1.0.6"
7,2022-11-23 11:05:02+00:00,naira_rates,"Wed November, 11:05:02 AM 

ğŸ’µ 1 USD &gt;&gt;&gt;&gt;&gt; â‚¦747.269
ğŸ’· 1 GBP &gt;&gt;&gt;&gt;&gt; â‚¦897.141
ğŸ’¶ 1 EUR &gt;&gt;&gt;&gt;&gt; â‚¦777.168

 v1.0.6"
8,2022-11-22 11:05:01+00:00,naira_rates,"Tue November, 11:05:01 AM 

ğŸ’µ 1 USD &gt;&gt;&gt;&gt;&gt; â‚¦776.194
ğŸ’· 1 GBP &gt;&gt;&gt;&gt;&gt; â‚¦931.867
ğŸ’¶ 1 EUR &gt;&gt;&gt;&gt;&gt; â‚¦807.251

 v1.0.6"
9,2022-11-21 11:05:01+00:00,naira_rates,"Mon November, 11:05:01 AM 

ğŸ’µ 1 USD &gt;&gt;&gt;&gt;&gt; â‚¦761.456
ğŸ’· 1 GBP &gt;&gt;&gt;&gt;&gt; â‚¦916.474
ğŸ’¶ 1 EUR &gt;&gt;&gt;&gt;&gt; â‚¦799.660

 v1.0.6"
10,2022-11-20 11:05:01+00:00,naira_rates,"Sun November, 11:05:00 AM 

ğŸ’µ 1 USD &gt;&gt;&gt;&gt;&gt; â‚¦761.456
ğŸ’· 1 GBP &gt;&gt;&gt;&gt;&gt; â‚¦916.474
ğŸ’¶ 1 EUR &gt;&gt;&gt;&gt;&gt; â‚¦799.660

 v1.0.6"
11,2022-11-19 11:05:04+00:00,naira_rates,"Sat November, 11:05:04 AM 

ğŸ’µ 1 USD &gt;&gt;&gt;&gt;&gt; â‚¦761.456
ğŸ’· 1 GBP &gt;&gt;&gt;&gt;&gt; â‚¦916.474
ğŸ’¶ 1 EUR &gt;&gt;&gt;&gt;&gt; â‚¦799.660

 v1.0.6"
12,2022-11-18 11:05:01+00:00,naira_rates,"Fri November, 11:05:01 AM 

ğŸ’µ 1 USD &gt;&gt;&gt;&gt;&gt; â‚¦761.456
ğŸ’· 1 GBP &gt;&gt;&gt;&gt;&gt; â‚¦916.474
ğŸ’¶ 1 EUR &gt;&gt;&gt;&gt;&gt; â‚¦799.660

 v1.0.6"
13,2022-11-17 11:05:04+00:00,naira_rates,"Thu November, 11:05:03 AM 

ğŸ’µ 1 USD &gt;&gt;&gt;&gt;&gt; â‚¦776.194
ğŸ’· 1 GBP &gt;&gt;&gt;&gt;&gt; â‚¦940.568
ğŸ’¶ 1 EUR &gt;&gt;&gt;&gt;&gt; â‚¦821.850

 v1.0.6"
14,2022-11-16 11:05:02+00:00,naira_rates,"Wed November, 11:05:02 AM 

ğŸ’µ 1 USD &gt;&gt;&gt;&gt;&gt; â‚¦782.861
ğŸ’· 1 GBP &gt;&gt;&gt;&gt;&gt; â‚¦935.129
ğŸ’¶ 1 EUR &gt;&gt;&gt;&gt;&gt; â‚¦818.585

 v1.0.6"
15,2022-11-15 11:05:01+00:00,naira_rates,"Tue November, 11:05:01 AM 

ğŸ’µ 1 USD &gt;&gt;&gt;&gt;&gt; â‚¦766.111
ğŸ’· 1 GBP &gt;&gt;&gt;&gt;&gt; â‚¦915.121
ğŸ’¶ 1 EUR &gt;&gt;&gt;&gt;&gt; â‚¦801.071

 v1.0.6"
16,2022-11-14 11:05:01+00:00,naira_rates,"Mon November, 11:05:01 AM 

ğŸ’µ 1 USD &gt;&gt;&gt;&gt;&gt; â‚¦769.049
ğŸ’· 1 GBP &gt;&gt;&gt;&gt;&gt; â‚¦932.609
ğŸ’¶ 1 EUR &gt;&gt;&gt;&gt;&gt; â‚¦819.494

 v1.0.6"
17,2022-11-13 11:05:01+00:00,naira_rates,"Sun November, 11:05:01 AM 

ğŸ’µ 1 USD &gt;&gt;&gt;&gt;&gt; â‚¦671.691
ğŸ’· 1 GBP &gt;&gt;&gt;&gt;&gt; â‚¦813.174
ğŸ’¶ 1 EUR &gt;&gt;&gt;&gt;&gt; â‚¦709.926

 v1.0.6"
18,2022-11-12 11:05:01+00:00,naira_rates,"Sat November, 11:05:01 AM 

ğŸ’µ 1 USD &gt;&gt;&gt;&gt;&gt; â‚¦711.732
ğŸ’· 1 GBP &gt;&gt;&gt;&gt;&gt; â‚¦861.650
ğŸ’¶ 1 EUR &gt;&gt;&gt;&gt;&gt; â‚¦752.247

 v1.0.6"
19,2022-11-11 11:05:01+00:00,naira_rates,"Fri November, 11:05:01 AM 

ğŸ’µ 1 USD &gt;&gt;&gt;&gt;&gt; â‚¦715.286
ğŸ’· 1 GBP &gt;&gt;&gt;&gt;&gt; â‚¦840.270
ğŸ’¶ 1 EUR &gt;&gt;&gt;&gt;&gt; â‚¦740.171

 v1.0.6"
20,2022-11-10 11:05:01+00:00,naira_rates,"Thu November, 11:05:00 AM 

ğŸ’µ 1 USD &gt;&gt;&gt;&gt;&gt; â‚¦808.754
ğŸ’· 1 GBP &gt;&gt;&gt;&gt;&gt; â‚¦950.071
ğŸ’¶ 1 EUR &gt;&gt;&gt;&gt;&gt; â‚¦836.891

 v1.0.6"
21,2022-11-09 11:05:01+00:00,naira_rates,"Wed November, 11:05:01 AM 

ğŸ’µ 1 USD &gt;&gt;&gt;&gt;&gt; â‚¦817.993
ğŸ’· 1 GBP &gt;&gt;&gt;&gt;&gt; â‚¦953.833
ğŸ’¶ 1 EUR &gt;&gt;&gt;&gt;&gt; â‚¦838.942

 v1.0.6"
22,2022-11-08 11:05:01+00:00,naira_rates,"Tue November, 11:05:00 AM 

ğŸ’µ 1 USD &gt;&gt;&gt;&gt;&gt; â‚¦850.618
ğŸ’· 1 GBP &gt;&gt;&gt;&gt;&gt; â‚¦991.875
ğŸ’¶ 1 EUR &gt;&gt;&gt;&gt;&gt; â‚¦872.402

 v1.0.6"
23,2022-11-07 11:05:01+00:00,naira_rates,"Mon November, 11:05:01 AM 

ğŸ’µ 1 USD &gt;&gt;&gt;&gt;&gt; â‚¦872.840
ğŸ’· 1 GBP &gt;&gt;&gt;&gt;&gt; â‚¦1009.685
ğŸ’¶ 1 EUR &gt;&gt;&gt;&gt;&gt; â‚¦895.193

 v1.0.6"
24,2022-11-06 11:05:02+00:00,naira_rates,"Sun November, 11:05:01 AM 

ğŸ’µ 1 USD &gt;&gt;&gt;&gt;&gt; â‚¦868.303
ğŸ’· 1 GBP &gt;&gt;&gt;&gt;&gt; â‚¦1004.437
ğŸ’¶ 1 EUR &gt;&gt;&gt;&gt;&gt; â‚¦876.723

 v1.0.6"
25,2022-11-05 11:05:01+00:00,naira_rates,"Sat November, 11:05:01 AM 

ğŸ’µ 1 USD &gt;&gt;&gt;&gt;&gt; â‚¦868.303
ğŸ’· 1 GBP &gt;&gt;&gt;&gt;&gt; â‚¦1004.437
ğŸ’¶ 1 EUR &gt;&gt;&gt;&gt;&gt; â‚¦876.723

 v1.0.6"
26,2022-11-04 11:05:01+00:00,naira_rates,"Fri November, 11:05:00 AM 

ğŸ’µ 1 USD &gt;&gt;&gt;&gt;&gt; â‚¦868.303
ğŸ’· 1 GBP &gt;&gt;&gt;&gt;&gt; â‚¦1004.437
ğŸ’¶ 1 EUR &gt;&gt;&gt;&gt;&gt; â‚¦876.723

 v1.0.6"
27,2022-11-03 11:05:01+00:00,naira_rates,"Thu November, 11:05:01 AM 

ğŸ’µ 1 USD &gt;&gt;&gt;&gt;&gt; â‚¦848.458
ğŸ’· 1 GBP &gt;&gt;&gt;&gt;&gt; â‚¦995.414
ğŸ’¶ 1 EUR &gt;&gt;&gt;&gt;&gt; â‚¦858.850

 v1.0.6"
28,2022-11-02 11:05:01+00:00,naira_rates,"Wed November, 11:05:01 AM 

ğŸ’µ 1 USD &gt;&gt;&gt;&gt;&gt; â‚¦816.661
ğŸ’· 1 GBP &gt;&gt;&gt;&gt;&gt; â‚¦967.772
ğŸ’¶ 1 EUR &gt;&gt;&gt;&gt;&gt; â‚¦832.161

 v1.0.6"
29,2022-11-01 11:05:01+00:00,naira_rates,"Tue November, 11:05:01 AM 

ğŸ’µ 1 USD &gt;&gt;&gt;&gt;&gt; â‚¦794.021
ğŸ’· 1 GBP &gt;&gt;&gt;&gt;&gt; â‚¦944.993
ğŸ’¶ 1 EUR &gt;&gt;&gt;&gt;&gt; â‚¦815.571

 v1.0.6"
30,2022-10-31 11:05:01+00:00,naira_rates,"Mon October, 11:05:01 AM 

ğŸ’µ 1 USD &gt;&gt;&gt;&gt;&gt; â‚¦784.699
ğŸ’· 1 GBP &gt;&gt;&gt;&gt;&gt; â‚¦937.500
ğŸ’¶ 1 EUR &gt;&gt;&gt;&gt;&gt; â‚¦805.996

 v1.0.6"
31,2022-10-30 11:05:01+00:00,naira_rates,"Sun October, 11:05:01 AM 

ğŸ’µ 1 USD &gt;&gt;&gt;&gt;&gt; â‚¦764.359
ğŸ’· 1 GBP &gt;&gt;&gt;&gt;&gt; â‚¦907.742
ğŸ’¶ 1 EUR &gt;&gt;&gt;&gt;&gt; â‚¦792.978

 v1.0.6"
32,2022-10-29 11:05:01+00:00,naira_rates,"Sat October, 11:05:01 AM 

ğŸ’µ 1 USD &gt;&gt;&gt;&gt;&gt; â‚¦764.359
ğŸ’· 1 GBP &gt;&gt;&gt;&gt;&gt; â‚¦907.742
ğŸ’¶ 1 EUR &gt;&gt;&gt;&gt;&gt; â‚¦792.978

 v1.0.6"
33,2022-10-28 11:05:01+00:00,naira_rates,"Fri October, 11:05:01 AM 

ğŸ’µ 1 USD &gt;&gt;&gt;&gt;&gt; â‚¦764.359
ğŸ’· 1 GBP &gt;&gt;&gt;&gt;&gt; â‚¦914.369
ğŸ’¶ 1 EUR &gt;&gt;&gt;&gt;&gt; â‚¦792.978

 v1.0.6"
34,2022-10-27 11:05:01+00:00,naira_rates,"Thu October, 11:05:00 AM 

ğŸ’µ 1 USD &gt;&gt;&gt;&gt;&gt; â‚¦756.858
ğŸ’· 1 GBP &gt;&gt;&gt;&gt;&gt; â‚¦901.922
ğŸ’¶ 1 EUR &gt;&gt;&gt;&gt;&gt; â‚¦787.512

 v1.0.6"
35,2022-10-26 11:05:01+00:00,naira_rates,"Wed October, 11:05:01 AM 

ğŸ’µ 1 USD &gt;&gt;&gt;&gt;&gt; â‚¦752.880
ğŸ’· 1 GBP &gt;&gt;&gt;&gt;&gt; â‚¦897.181
ğŸ’¶ 1 EUR &gt;&gt;&gt;&gt;&gt; â‚¦776.769

 v1.0.6"
36,2022-10-25 11:05:01+00:00,naira_rates,"Tue October, 11:05:01 AM 

ğŸ’µ 1 USD &gt;&gt;&gt;&gt;&gt; â‚¦752.880
ğŸ’· 1 GBP &gt;&gt;&gt;&gt;&gt; â‚¦880.594
ğŸ’¶ 1 EUR &gt;&gt;&gt;&gt;&gt; â‚¦764.866

 v1.0.6"
37,2022-10-24 11:05:01+00:00,naira_rates,"Mon October, 11:05:01 AM 

ğŸ’µ 1 USD &gt;&gt;&gt;&gt;&gt; â‚¦741.192
ğŸ’· 1 GBP &gt;&gt;&gt;&gt;&gt; â‚¦855.130
ğŸ’¶ 1 EUR &gt;&gt;&gt;&gt;&gt; â‚¦752.992

 v1.0.6"
38,2022-10-23 11:05:01+00:00,naira_rates,"Sun October, 11:05:01 AM 

ğŸ’µ 1 USD &gt;&gt;&gt;&gt;&gt; â‚¦741.192
ğŸ’· 1 GBP &gt;&gt;&gt;&gt;&gt; â‚¦855.130
ğŸ’¶ 1 EUR &gt;&gt;&gt;&gt;&gt; â‚¦747.247

 v1.0.6"
39,2022-10-22 11:05:01+00:00,naira_rates,"Sat October, 11:05:01 AM 

ğŸ’µ 1 USD &gt;&gt;&gt;&gt;&gt; â‚¦741.192
ğŸ’· 1 GBP &gt;&gt;&gt;&gt;&gt; â‚¦855.130
ğŸ’¶ 1 EUR &gt;&gt;&gt;&gt;&gt; â‚¦747.247

 v1.0.6"
40,2022-10-21 11:05:01+00:00,naira_rates,"Fri October, 11:05:00 AM 

ğŸ’µ 1 USD &gt;&gt;&gt;&gt;&gt; â‚¦736.294
ğŸ’· 1 GBP &gt;&gt;&gt;&gt;&gt; â‚¦854.435
ğŸ’¶ 1 EUR &gt;&gt;&gt;&gt;&gt; â‚¦742.308

 v1.0.6"
41,2022-10-20 11:05:04+00:00,naira_rates,"Thu October, 11:05:04 AM 

ğŸ’µ 1 USD &gt;&gt;&gt;&gt;&gt; â‚¦733.601
ğŸ’· 1 GBP &gt;&gt;&gt;&gt;&gt; â‚¦853.929
ğŸ’¶ 1 EUR &gt;&gt;&gt;&gt;&gt; â‚¦741.838

 v1.0.6"
42,2022-10-19 11:05:39+00:00,naira_rates,"Wed October, 11:05:39 AM 

ğŸ’µ 1 USD &gt;&gt;&gt;&gt;&gt; â‚¦731.460
ğŸ’· 1 GBP &gt;&gt;&gt;&gt;&gt; â‚¦857.033
ğŸ’¶ 1 EUR &gt;&gt;&gt;&gt;&gt; â‚¦741.911

 v1.0.6"
43,2022-10-18 11:05:01+00:00,naira_rates,"Tue October, 11:05:01 AM 

ğŸ’µ 1 USD &gt;&gt;&gt;&gt;&gt; â‚¦731.460
ğŸ’· 1 GBP &gt;&gt;&gt;&gt;&gt; â‚¦850.318
ğŸ’¶ 1 EUR &gt;&gt;&gt;&gt;&gt; â‚¦746.462

 v1.0.6"
44,2022-10-17 11:05:01+00:00,naira_rates,"Mon October, 11:05:00 AM 

ğŸ’µ 1 USD &gt;&gt;&gt;&gt;&gt; â‚¦725.638
ğŸ’· 1 GBP &gt;&gt;&gt;&gt;&gt; â‚¦843.549
ğŸ’¶ 1 EUR &gt;&gt;&gt;&gt;&gt; â‚¦731.195

 v1.0.6"
45,2022-10-16 11:05:01+00:00,naira_rates,"Sun October, 11:05:01 AM 

ğŸ’µ 1 USD &gt;&gt;&gt;&gt;&gt; â‚¦724.589
ğŸ’· 1 GBP &gt;&gt;&gt;&gt;&gt; â‚¦842.330
ğŸ’¶ 1 EUR &gt;&gt;&gt;&gt;&gt; â‚¦730.138

 v1.0.6"
46,2022-10-15 11:05:01+00:00,naira_rates,"Sat October, 11:05:01 AM 

ğŸ’µ 1 USD &gt;&gt;&gt;&gt;&gt; â‚¦724.589
ğŸ’· 1 GBP &gt;&gt;&gt;&gt;&gt; â‚¦842.330
ğŸ’¶ 1 EUR &gt;&gt;&gt;&gt;&gt; â‚¦730.138

 v1.0.6"
47,2022-10-14 11:05:01+00:00,naira_rates,"Fri October, 11:05:01 AM 

ğŸ’µ 1 USD &gt;&gt;&gt;&gt;&gt; â‚¦724.589
ğŸ’· 1 GBP &gt;&gt;&gt;&gt;&gt; â‚¦819.622
ğŸ’¶ 1 EUR &gt;&gt;&gt;&gt;&gt; â‚¦730.138

 v1.0.6"
48,2022-10-13 11:05:02+00:00,naira_rates,"Thu October, 11:05:02 AM 

ğŸ’µ 1 USD &gt;&gt;&gt;&gt;&gt; â‚¦721.461
ğŸ’· 1 GBP &gt;&gt;&gt;&gt;&gt; â‚¦807.394
ğŸ’¶ 1 EUR &gt;&gt;&gt;&gt;&gt; â‚¦713.057

 v1.0.6"
49,2022-10-12 11:05:01+00:00,naira_rates,"Wed October, 11:05:01 AM 

ğŸ’µ 1 USD &gt;&gt;&gt;&gt;&gt; â‚¦716.820
ğŸ’· 1 GBP &gt;&gt;&gt;&gt;&gt; â‚¦805.641
ğŸ’¶ 1 EUR &gt;&gt;&gt;&gt;&gt; â‚¦710.082

 v1.0.6"
50,2022-10-11 11:05:01+00:00,naira_rates,"Tue October, 11:05:01 AM 

ğŸ’µ 1 USD &gt;&gt;&gt;&gt;&gt; â‚¦716.820
ğŸ’· 1 GBP &gt;&gt;&gt;&gt;&gt; â‚¦873.293
ğŸ’¶ 1 EUR &gt;&gt;&gt;&gt;&gt; â‚¦740.661

 v1.0.5"
51,2022-10-10 11:05:01+00:00,naira_rates,"Mon October, 11:05:01 AM 

ğŸ’µ 1 USD &gt;&gt;&gt;&gt;&gt; â‚¦716.820
ğŸ’· 1 GBP &gt;&gt;&gt;&gt;&gt; â‚¦873.293
ğŸ’¶ 1 EUR &gt;&gt;&gt;&gt;&gt; â‚¦740.661

 v1.0.5"
52,2022-10-09 11:05:01+00:00,naira_rates,"Sun October, 11:05:01 AM 

ğŸ’µ 1 USD &gt;&gt;&gt;&gt;&gt; â‚¦716.820
ğŸ’· 1 GBP &gt;&gt;&gt;&gt;&gt; â‚¦873.293
ğŸ’¶ 1 EUR &gt;&gt;&gt;&gt;&gt; â‚¦740.661

 v1.0.5"
53,2022-10-08 11:05:01+00:00,naira_rates,"Sat October, 11:05:01 AM 

ğŸ’µ 1 USD &gt;&gt;&gt;&gt;&gt; â‚¦716.820
ğŸ’· 1 GBP &gt;&gt;&gt;&gt;&gt; â‚¦873.293
ğŸ’¶ 1 EUR &gt;&gt;&gt;&gt;&gt; â‚¦740.661

 v1.0.5"
54,2022-10-07 11:05:01+00:00,naira_rates,"Fri October, 11:05:01 AM 

ğŸ’µ 1 USD &gt;&gt;&gt;&gt;&gt; â‚¦716.820
ğŸ’· 1 GBP &gt;&gt;&gt;&gt;&gt; â‚¦873.293
ğŸ’¶ 1 EUR &gt;&gt;&gt;&gt;&gt; â‚¦740.661

 v1.0.5"
55,2022-10-06 11:05:01+00:00,naira_rates,"Thu October, 11:05:01 AM 

ğŸ’µ 1 USD &gt;&gt;&gt;&gt;&gt; â‚¦723.543
ğŸ’· 1 GBP &gt;&gt;&gt;&gt;&gt; â‚¦881.484
ğŸ’¶ 1 EUR &gt;&gt;&gt;&gt;&gt; â‚¦747.608

 v1.0.5"
56,2022-10-05 11:05:01+00:00,naira_rates,"Wed October, 11:05:01 AM 

ğŸ’µ 1 USD &gt;&gt;&gt;&gt;&gt; â‚¦723.543
ğŸ’· 1 GBP &gt;&gt;&gt;&gt;&gt; â‚¦881.484
ğŸ’¶ 1 EUR &gt;&gt;&gt;&gt;&gt; â‚¦747.608

 v1.0.5"
57,2022-10-04 11:05:01+00:00,naira_rates,"Tue October, 11:05:01 AM 

ğŸ’µ 1 USD &gt;&gt;&gt;&gt;&gt; â‚¦705.722
ğŸ’· 1 GBP &gt;&gt;&gt;&gt;&gt; â‚¦859.772
ğŸ’¶ 1 EUR &gt;&gt;&gt;&gt;&gt; â‚¦729.194

 v1.0.5"
58,2022-10-03 11:05:01+00:00,naira_rates,"Mon October, 11:05:01 AM 

ğŸ’µ 1 USD &gt;&gt;&gt;&gt;&gt; â‚¦723.543
ğŸ’· 1 GBP &gt;&gt;&gt;&gt;&gt; â‚¦881.484
ğŸ’¶ 1 EUR &gt;&gt;&gt;&gt;&gt; â‚¦747.608

 v1.0.5"
59,2022-10-02 11:05:01+00:00,naira_rates,"Sun October, 11:05:00 AM 

ğŸ’µ 1 USD &gt;&gt;&gt;&gt;&gt; â‚¦723.543
ğŸ’· 1 GBP &gt;&gt;&gt;&gt;&gt; â‚¦881.484
ğŸ’¶ 1 EUR &gt;&gt;&gt;&gt;&gt; â‚¦747.608

 v1.0.5"
60,2022-10-01 11:05:01+00:00,naira_rates,"Sat October, 11:05:01 AM 

ğŸ’µ 1 USD &gt;&gt;&gt;&gt;&gt; â‚¦723.543
ğŸ’· 1 GBP &gt;&gt;&gt;&gt;&gt; â‚¦881.484
ğŸ’¶ 1 EUR &gt;&gt;&gt;&gt;&gt; â‚¦747.608

 v1.0.5"
61,2022-09-30 11:05:02+00:00,naira_rates,"Fri September, 11:05:02 AM 

ğŸ’µ 1 USD &gt;&gt;&gt;&gt;&gt; â‚¦723.543
ğŸ’· 1 GBP &gt;&gt;&gt;&gt;&gt; â‚¦881.484
ğŸ’¶ 1 EUR &gt;&gt;&gt;&gt;&gt; â‚¦747.608

 v1.0.5"
62,2022-09-29 11:05:01+00:00,naira_rates,"Thu September, 11:05:00 AM 

ğŸ’µ 1 USD &gt;&gt;&gt;&gt;&gt; â‚¦720.942
ğŸ’· 1 GBP &gt;&gt;&gt;&gt;&gt; â‚¦878.315
ğŸ’¶ 1 EUR &gt;&gt;&gt;&gt;&gt; â‚¦744.921

 v1.0.5"
63,2022-09-28 11:05:01+00:00,naira_rates,"Wed September, 11:05:01 AM 

ğŸ’µ 1 USD &gt;&gt;&gt;&gt;&gt; â‚¦720.942
ğŸ’· 1 GBP &gt;&gt;&gt;&gt;&gt; â‚¦878.315
ğŸ’¶ 1 EUR &gt;&gt;&gt;&gt;&gt; â‚¦744.921

 v1.0.5"
64,2022-09-27 11:05:01+00:00,naira_rates,"Tue September, 11:05:01 AM 

ğŸ’µ 1 USD &gt;&gt;&gt;&gt;&gt; â‚¦711.732
ğŸ’· 1 GBP &gt;&gt;&gt;&gt;&gt; â‚¦867.095
ğŸ’¶ 1 EUR &gt;&gt;&gt;&gt;&gt; â‚¦735.404

 v1.0.5"
65,2022-09-26 11:05:01+00:00,naira_rates,"Mon September, 11:05:01 AM 

ğŸ’µ 1 USD &gt;&gt;&gt;&gt;&gt; â‚¦707.215
ğŸ’· 1 GBP &gt;&gt;&gt;&gt;&gt; â‚¦861.591
ğŸ’¶ 1 EUR &gt;&gt;&gt;&gt;&gt; â‚¦730.737

 v1.0.5"
66,2022-09-25 11:05:01+00:00,naira_rates,"Sun September, 11:05:01 AM 

ğŸ’µ 1 USD &gt;&gt;&gt;&gt;&gt; â‚¦707.215
ğŸ’· 1 GBP &gt;&gt;&gt;&gt;&gt; â‚¦861.591
ğŸ’¶ 1 EUR &gt;&gt;&gt;&gt;&gt; â‚¦730.737

 v1.0.5"
67,2022-09-24 11:05:01+00:00,naira_rates,"Sat September, 11:05:01 AM 

ğŸ’µ 1 USD &gt;&gt;&gt;&gt;&gt; â‚¦707.215
ğŸ’· 1 GBP &gt;&gt;&gt;&gt;&gt; â‚¦861.591
ğŸ’¶ 1 EUR &gt;&gt;&gt;&gt;&gt; â‚¦730.737

 v1.0.5"
68,2022-09-23 11:05:01+00:00,naira_rates,"Fri September, 11:05:00 AM 

ğŸ’µ 1 USD &gt;&gt;&gt;&gt;&gt; â‚¦707.215
ğŸ’· 1 GBP &gt;&gt;&gt;&gt;&gt; â‚¦861.591
ğŸ’¶ 1 EUR &gt;&gt;&gt;&gt;&gt; â‚¦730.737

 v1.0.5"
69,2022-09-22 11:05:01+00:00,naira_rates,"Thu September, 11:05:01 AM 

ğŸ’µ 1 USD &gt;&gt;&gt;&gt;&gt; â‚¦701.771
ğŸ’· 1 GBP &gt;&gt;&gt;&gt;&gt; â‚¦854.959
ğŸ’¶ 1 EUR &gt;&gt;&gt;&gt;&gt; â‚¦725.112

 v1.0.5"
70,2022-09-21 11:05:01+00:00,naira_rates,"Wed September, 11:05:01 AM 

ğŸ’µ 1 USD &gt;&gt;&gt;&gt;&gt; â‚¦698.837
ğŸ’· 1 GBP &gt;&gt;&gt;&gt;&gt; â‚¦851.384
ğŸ’¶ 1 EUR &gt;&gt;&gt;&gt;&gt; â‚¦722.080

 v1.0.5"
71,2022-09-20 11:05:01+00:00,naira_rates,"Tue September, 11:05:01 AM 

ğŸ’µ 1 USD &gt;&gt;&gt;&gt;&gt; â‚¦696.894
ğŸ’· 1 GBP &gt;&gt;&gt;&gt;&gt; â‚¦849.018
ğŸ’¶ 1 EUR &gt;&gt;&gt;&gt;&gt; â‚¦720.073

 v1.0.5"
72,2022-09-19 11:05:01+00:00,naira_rates,"Mon September, 11:05:01 AM 

ğŸ’µ 1 USD &gt;&gt;&gt;&gt;&gt; â‚¦696.894
ğŸ’· 1 GBP &gt;&gt;&gt;&gt;&gt; â‚¦849.018
ğŸ’¶ 1 EUR &gt;&gt;&gt;&gt;&gt; â‚¦720.073

 v1.0.5"
73,2022-09-18 11:05:01+00:00,naira_rates,"Sun September, 11:05:00 AM 

ğŸ’µ 1 USD &gt;&gt;&gt;&gt;&gt; â‚¦696.894
ğŸ’· 1 GBP &gt;&gt;&gt;&gt;&gt; â‚¦849.018
ğŸ’¶ 1 EUR &gt;&gt;&gt;&gt;&gt; â‚¦720.073

 v1.0.5"
74,2022-09-17 11:05:01+00:00,naira_rates,"Sat September, 11:05:01 AM 

ğŸ’µ 1 USD &gt;&gt;&gt;&gt;&gt; â‚¦696.894
ğŸ’· 1 GBP &gt;&gt;&gt;&gt;&gt; â‚¦849.018
ğŸ’¶ 1 EUR &gt;&gt;&gt;&gt;&gt; â‚¦720.073

 v1.0.5"
75,2022-09-16 11:05:01+00:00,naira_rates,"Fri September, 11:05:01 AM 

ğŸ’µ 1 USD &gt;&gt;&gt;&gt;&gt; â‚¦695.444
ğŸ’· 1 GBP &gt;&gt;&gt;&gt;&gt; â‚¦847.252
ğŸ’¶ 1 EUR &gt;&gt;&gt;&gt;&gt; â‚¦718.575

 v1.0.5"
76,2022-09-15 11:05:01+00:00,naira_rates,"Thu September, 11:05:00 AM 

ğŸ’µ 1 USD &gt;&gt;&gt;&gt;&gt; â‚¦695.444
ğŸ’· 1 GBP &gt;&gt;&gt;&gt;&gt; â‚¦847.252
ğŸ’¶ 1 EUR &gt;&gt;&gt;&gt;&gt; â‚¦718.575

 v1.0.5"
77,2022-09-14 11:05:01+00:00,naira_rates,"Wed September, 11:05:01 AM 

ğŸ’µ 1 USD &gt;&gt;&gt;&gt;&gt; â‚¦693.042
ğŸ’· 1 GBP &gt;&gt;&gt;&gt;&gt; â‚¦844.324
ğŸ’¶ 1 EUR &gt;&gt;&gt;&gt;&gt; â‚¦716.092

 v1.0.5"
78,2022-09-13 11:05:01+00:00,naira_rates,"Tue September, 11:05:01 AM 

ğŸ’µ 1 USD &gt;&gt;&gt;&gt;&gt; â‚¦693.042
ğŸ’· 1 GBP &gt;&gt;&gt;&gt;&gt; â‚¦844.324
ğŸ’¶ 1 EUR &gt;&gt;&gt;&gt;&gt; â‚¦716.092

 v1.0.5"
79,2022-09-12 11:05:01+00:00,naira_rates,"Mon September, 11:05:00 AM 

ğŸ’µ 1 USD &gt;&gt;&gt;&gt;&gt; â‚¦693.042
ğŸ’· 1 GBP &gt;&gt;&gt;&gt;&gt; â‚¦844.324
ğŸ’¶ 1 EUR &gt;&gt;&gt;&gt;&gt; â‚¦716.092

 v1.0.5"
80,2022-09-11 11:05:01+00:00,naira_rates,"Sun September, 11:05:01 AM 

ğŸ’µ 1 USD &gt;&gt;&gt;&gt;&gt; â‚¦693.042
ğŸ’· 1 GBP &gt;&gt;&gt;&gt;&gt; â‚¦844.324
ğŸ’¶ 1 EUR &gt;&gt;&gt;&gt;&gt; â‚¦716.092

 v1.0.5"
81,2022-09-10 11:05:01+00:00,naira_rates,"Sat September, 11:05:01 AM 

ğŸ’µ 1 USD &gt;&gt;&gt;&gt;&gt; â‚¦693.042
ğŸ’· 1 GBP &gt;&gt;&gt;&gt;&gt; â‚¦844.324
ğŸ’¶ 1 EUR &gt;&gt;&gt;&gt;&gt; â‚¦716.092

 v1.0.5"
82,2022-09-09 11:05:01+00:00,naira_rates,"Fri September, 11:05:00 AM 

ğŸ’µ 1 USD &gt;&gt;&gt;&gt;&gt; â‚¦693.042
ğŸ’· 1 GBP &gt;&gt;&gt;&gt;&gt; â‚¦844.324
ğŸ’¶ 1 EUR &gt;&gt;&gt;&gt;&gt; â‚¦716.092

 v1.0.5"
83,2022-09-08 11:05:01+00:00,naira_rates,"Thu September, 11:05:01 AM 

ğŸ’µ 1 USD &gt;&gt;&gt;&gt;&gt; â‚¦693.042
ğŸ’· 1 GBP &gt;&gt;&gt;&gt;&gt; â‚¦844.324
ğŸ’¶ 1 EUR &gt;&gt;&gt;&gt;&gt; â‚¦716.092

 v1.0.5"
84,2022-09-07 11:05:01+00:00,naira_rates,"Wed September, 11:05:01 AM 

ğŸ’µ 1 USD &gt;&gt;&gt;&gt;&gt; â‚¦691.131
ğŸ’· 1 GBP &gt;&gt;&gt;&gt;&gt; â‚¦841.997
ğŸ’¶ 1 EUR &gt;&gt;&gt;&gt;&gt; â‚¦714.118

 v1.0.5"
85,2022-09-06 11:05:01+00:00,naira_rates,"Tue September, 11:05:01 AM 

ğŸ’µ 1 USD &gt;&gt;&gt;&gt;&gt; â‚¦691.131
ğŸ’· 1 GBP &gt;&gt;&gt;&gt;&gt; â‚¦841.997
ğŸ’¶ 1 EUR &gt;&gt;&gt;&gt;&gt; â‚¦714.118

 v1.0.5"
86,2022-09-05 11:05:01+00:00,naira_rates,"Mon September, 11:05:01 AM 

ğŸ’µ 1 USD &gt;&gt;&gt;&gt;&gt; â‚¦689.231
ğŸ’· 1 GBP &gt;&gt;&gt;&gt;&gt; â‚¦839.682
ğŸ’¶ 1 EUR &gt;&gt;&gt;&gt;&gt; â‚¦712.155

 v1.0.5"
87,2022-09-04 11:05:01+00:00,naira_rates,"Sun September, 11:05:01 AM 

ğŸ’µ 1 USD &gt;&gt;&gt;&gt;&gt; â‚¦689.231
ğŸ’· 1 GBP &gt;&gt;&gt;&gt;&gt; â‚¦839.682
ğŸ’¶ 1 EUR &gt;&gt;&gt;&gt;&gt; â‚¦712.155

 v1.0.5"
88,2022-09-03 11:05:01+00:00,naira_rates,"Sat September, 11:05:01 AM 

ğŸ’µ 1 USD &gt;&gt;&gt;&gt;&gt; â‚¦689.231
ğŸ’· 1 GBP &gt;&gt;&gt;&gt;&gt; â‚¦839.682
ğŸ’¶ 1 EUR &gt;&gt;&gt;&gt;&gt; â‚¦712.155

 v1.0.5"
89,2022-09-02 11:05:01+00:00,naira_rates,"Fri September, 11:05:01 AM 

ğŸ’µ 1 USD &gt;&gt;&gt;&gt;&gt; â‚¦689.231
ğŸ’· 1 GBP &gt;&gt;&gt;&gt;&gt; â‚¦839.682
ğŸ’¶ 1 EUR &gt;&gt;&gt;&gt;&gt; â‚¦712.155

 v1.0.5"
90,2022-09-01 11:05:01+00:00,naira_rates,"Thu September, 11:05:01 AM 

ğŸ’µ 1 USD &gt;&gt;&gt;&gt;&gt; â‚¦689.231
ğŸ’· 1 GBP &gt;&gt;&gt;&gt;&gt; â‚¦839.682
ğŸ’¶ 1 EUR &gt;&gt;&gt;&gt;&gt; â‚¦712.155

 v1.0.5"
91,2022-08-31 11:05:01+00:00,naira_rates,"Wed August, 11:05:00 AM 

ğŸ’µ 1 USD &gt;&gt;&gt;&gt;&gt; â‚¦689.231
ğŸ’· 1 GBP &gt;&gt;&gt;&gt;&gt; â‚¦839.682
ğŸ’¶ 1 EUR &gt;&gt;&gt;&gt;&gt; â‚¦712.155

 v1.0.5"
92,2022-08-30 11:05:00+00:00,naira_rates,"Tue August, 11:05:00 AM 

ğŸ’µ 1 USD &gt;&gt;&gt;&gt;&gt; â‚¦689.231
ğŸ’· 1 GBP &gt;&gt;&gt;&gt;&gt; â‚¦839.682
ğŸ’¶ 1 EUR &gt;&gt;&gt;&gt;&gt; â‚¦712.155

 v1.0.5"
93,2022-08-29 11:05:01+00:00,naira_rates,"Mon August, 11:05:01 AM 

ğŸ’µ 1 USD &gt;&gt;&gt;&gt;&gt; â‚¦689.231
ğŸ’· 1 GBP &gt;&gt;&gt;&gt;&gt; â‚¦839.682
ğŸ’¶ 1 EUR &gt;&gt;&gt;&gt;&gt; â‚¦712.155

 v1.0.5"
94,2022-08-28 11:05:01+00:00,naira_rates,"Sun August, 11:05:01 AM 

ğŸ’µ 1 USD &gt;&gt;&gt;&gt;&gt; â‚¦689.231
ğŸ’· 1 GBP &gt;&gt;&gt;&gt;&gt; â‚¦839.682
ğŸ’¶ 1 EUR &gt;&gt;&gt;&gt;&gt; â‚¦712.155

 v1.0.5"
95,2022-08-27 11:05:01+00:00,naira_rates,"Sat August, 11:05:01 AM 

ğŸ’µ 1 USD &gt;&gt;&gt;&gt;&gt; â‚¦689.231
ğŸ’· 1 GBP &gt;&gt;&gt;&gt;&gt; â‚¦839.682
ğŸ’¶ 1 EUR &gt;&gt;&gt;&gt;&gt; â‚¦712.155

 v1.0.5"
96,2022-08-26 11:05:01+00:00,naira_rates,"Fri August, 11:05:00 AM 

ğŸ’µ 1 USD &gt;&gt;&gt;&gt;&gt; â‚¦689.231
ğŸ’· 1 GBP &gt;&gt;&gt;&gt;&gt; â‚¦839.682
ğŸ’¶ 1 EUR &gt;&gt;&gt;&gt;&gt; â‚¦712.155

 v1.0.5"
97,2022-08-25 11:05:01+00:00,naira_rates,"Thu August, 11:05:01 AM 

ğŸ’µ 1 USD &gt;&gt;&gt;&gt;&gt; â‚¦677.590
ğŸ’· 1 GBP &gt;&gt;&gt;&gt;&gt; â‚¦825.500
ğŸ’¶ 1 EUR &gt;&gt;&gt;&gt;&gt; â‚¦700.127

 v1.0.5"
98,2022-08-24 11:05:01+00:00,naira_rates,"Wed August, 11:05:01 AM 

ğŸ’µ 1 USD &gt;&gt;&gt;&gt;&gt; â‚¦683.128
ğŸ’· 1 GBP &gt;&gt;&gt;&gt;&gt; â‚¦832.247
ğŸ’¶ 1 EUR &gt;&gt;&gt;&gt;&gt; â‚¦705.849

 v1.0.5"
99,2022-08-22 11:05:01+00:00,naira_rates,"Mon August, 11:05:01 AM 

ğŸ’µ 1 USD &gt;&gt;&gt;&gt;&gt; â‚¦676.219
ğŸ’· 1 GBP &gt;&gt;&gt;&gt;&gt; â‚¦830.107
ğŸ’¶ 1 EUR &gt;&gt;&gt;&gt;&gt; â‚¦703.953

 v1.0.5"
100,2022-08-21 11:05:01+00:00,naira_rates,"Sun August, 11:05:01 AM 

ğŸ’µ 1 USD &gt;&gt;&gt;&gt;&gt; â‚¦676.219
ğŸ’· 1 GBP &gt;&gt;&gt;&gt;&gt; â‚¦830.107
ğŸ’¶ 1 EUR &gt;&gt;&gt;&gt;&gt; â‚¦703.953

 v1.0.5"
101,2022-08-20 11:05:01+00:00,naira_rates,"Sat August, 11:05:00 AM 

ğŸ’µ 1 USD &gt;&gt;&gt;&gt;&gt; â‚¦676.219
ğŸ’· 1 GBP &gt;&gt;&gt;&gt;&gt; â‚¦838.039
ğŸ’¶ 1 EUR &gt;&gt;&gt;&gt;&gt; â‚¦708.781

 v1.0.5"
102,2022-08-19 11:05:00+00:00,naira_rates,"Fri August, 11:05:00 AM 

ğŸ’µ 1 USD &gt;&gt;&gt;&gt;&gt; â‚¦673.495
ğŸ’· 1 GBP &gt;&gt;&gt;&gt;&gt; â‚¦834.662
ğŸ’¶ 1 EUR &gt;&gt;&gt;&gt;&gt; â‚¦705.925

 v1.0.5"
103,2022-08-18 11:05:01+00:00,naira_rates,"Thu August, 11:05:01 AM 

ğŸ’µ 1 USD &gt;&gt;&gt;&gt;&gt; â‚¦669.896
ğŸ’· 1 GBP &gt;&gt;&gt;&gt;&gt; â‚¦835.054
ğŸ’¶ 1 EUR &gt;&gt;&gt;&gt;&gt; â‚¦701.812

 v1.0.5"
104,2022-08-17 11:05:01+00:00,naira_rates,"Wed August, 11:05:01 AM 

ğŸ’µ 1 USD &gt;&gt;&gt;&gt;&gt; â‚¦669.896
ğŸ’· 1 GBP &gt;&gt;&gt;&gt;&gt; â‚¦835.396
ğŸ’¶ 1 EUR &gt;&gt;&gt;&gt;&gt; â‚¦708.030

 v1.0.5"
105,2022-08-16 11:05:01+00:00,naira_rates,"Tue August, 11:05:01 AM 

ğŸ’µ 1 USD &gt;&gt;&gt;&gt;&gt; â‚¦673.948
ğŸ’· 1 GBP &gt;&gt;&gt;&gt;&gt; â‚¦840.448
ğŸ’¶ 1 EUR &gt;&gt;&gt;&gt;&gt; â‚¦712.311

 v1.0.5"
106,2022-08-15 11:05:01+00:00,naira_rates,"Mon August, 11:05:01 AM 

ğŸ’µ 1 USD &gt;&gt;&gt;&gt;&gt; â‚¦673.948
ğŸ’· 1 GBP &gt;&gt;&gt;&gt;&gt; â‚¦847.322
ğŸ’¶ 1 EUR &gt;&gt;&gt;&gt;&gt; â‚¦717.467

 v1.0.5"
107,2022-08-14 11:05:01+00:00,naira_rates,"Sun August, 11:05:01 AM 

ğŸ’µ 1 USD &gt;&gt;&gt;&gt;&gt; â‚¦670.792
ğŸ’· 1 GBP &gt;&gt;&gt;&gt;&gt; â‚¦843.355
ğŸ’¶ 1 EUR &gt;&gt;&gt;&gt;&gt; â‚¦714.108

 v1.0.5"
108,2022-08-13 11:05:02+00:00,naira_rates,"Sat August, 11:05:01 AM 

ğŸ’µ 1 USD &gt;&gt;&gt;&gt;&gt; â‚¦670.792
ğŸ’· 1 GBP &gt;&gt;&gt;&gt;&gt; â‚¦843.355
ğŸ’¶ 1 EUR &gt;&gt;&gt;&gt;&gt; â‚¦714.108

 v1.0.5"
109,2022-08-12 11:05:01+00:00,naira_rates,"Fri August, 11:05:01 AM 

ğŸ’µ 1 USD &gt;&gt;&gt;&gt;&gt; â‚¦666.779
ğŸ’· 1 GBP &gt;&gt;&gt;&gt;&gt; â‚¦830.828
ğŸ’¶ 1 EUR &gt;&gt;&gt;&gt;&gt; â‚¦702.286

 v1.0.5"
110,2022-08-11 11:05:02+00:00,naira_rates,"Thu August, 11:05:01 AM 

ğŸ’µ 1 USD &gt;&gt;&gt;&gt;&gt; â‚¦666.779
ğŸ’· 1 GBP &gt;&gt;&gt;&gt;&gt; â‚¦830.828
ğŸ’¶ 1 EUR &gt;&gt;&gt;&gt;&gt; â‚¦702.286

 v1.0.5"
111,2022-08-10 11:05:01+00:00,naira_rates,"Wed August, 11:05:01 AM 

ğŸ’µ 1 USD &gt;&gt;&gt;&gt;&gt; â‚¦658.895
ğŸ’· 1 GBP &gt;&gt;&gt;&gt;&gt; â‚¦819.996
ğŸ’¶ 1 EUR &gt;&gt;&gt;&gt;&gt; â‚¦693.310

 v1.0.5"
112,2022-08-09 11:05:01+00:00,naira_rates,"Tue August, 11:05:01 AM 

ğŸ’µ 1 USD &gt;&gt;&gt;&gt;&gt; â‚¦658.895
ğŸ’· 1 GBP &gt;&gt;&gt;&gt;&gt; â‚¦826.044
ğŸ’¶ 1 EUR &gt;&gt;&gt;&gt;&gt; â‚¦694.990

 v1.0.5"
113,2022-08-08 11:05:01+00:00,naira_rates,"Mon August, 11:05:00 AM 

ğŸ’µ 1 USD &gt;&gt;&gt;&gt;&gt; â‚¦652.042
ğŸ’· 1 GBP &gt;&gt;&gt;&gt;&gt; â‚¦817.453
ğŸ’¶ 1 EUR &gt;&gt;&gt;&gt;&gt; â‚¦687.762

 v1.0.5"
114,2022-08-07 11:05:01+00:00,naira_rates,"Sun August, 11:05:01 AM 

ğŸ’µ 1 USD &gt;&gt;&gt;&gt;&gt; â‚¦652.042
ğŸ’· 1 GBP &gt;&gt;&gt;&gt;&gt; â‚¦817.453
ğŸ’¶ 1 EUR &gt;&gt;&gt;&gt;&gt; â‚¦687.762

 v1.0.5"
115,2022-08-06 11:05:01+00:00,naira_rates,"Sat August, 11:05:01 AM 

ğŸ’µ 1 USD &gt;&gt;&gt;&gt;&gt; â‚¦652.042
ğŸ’· 1 GBP &gt;&gt;&gt;&gt;&gt; â‚¦818.118
ğŸ’¶ 1 EUR &gt;&gt;&gt;&gt;&gt; â‚¦684.104

 v1.0.5"
116,2022-08-05 11:05:01+00:00,naira_rates,"Fri August, 11:05:00 AM 

ğŸ’µ 1 USD &gt;&gt;&gt;&gt;&gt; â‚¦637.132
ğŸ’· 1 GBP &gt;&gt;&gt;&gt;&gt; â‚¦799.411
ğŸ’¶ 1 EUR &gt;&gt;&gt;&gt;&gt; â‚¦668.461

 v1.0.5"
117,2022-08-04 11:05:01+00:00,naira_rates,"Thu August, 11:05:01 AM 

ğŸ’µ 1 USD &gt;&gt;&gt;&gt;&gt; â‚¦652.466
ğŸ’· 1 GBP &gt;&gt;&gt;&gt;&gt; â‚¦819.316
ğŸ’¶ 1 EUR &gt;&gt;&gt;&gt;&gt; â‚¦684.549

 v1.0.5"
118,2022-08-03 11:05:01+00:00,naira_rates,"Wed August, 11:05:01 AM 

ğŸ’µ 1 USD &gt;&gt;&gt;&gt;&gt; â‚¦652.466
ğŸ’· 1 GBP &gt;&gt;&gt;&gt;&gt; â‚¦819.316
ğŸ’¶ 1 EUR &gt;&gt;&gt;&gt;&gt; â‚¦684.549

 v1.0.5"
119,2022-08-02 11:05:01+00:00,naira_rates,"Tue August, 11:05:00 AM 

ğŸ’µ 1 USD &gt;&gt;&gt;&gt;&gt; â‚¦684.527
ğŸ’· 1 GBP &gt;&gt;&gt;&gt;&gt; â‚¦859.576
ğŸ’¶ 1 EUR &gt;&gt;&gt;&gt;&gt; â‚¦721.678

 v1.0.5"
120,2022-08-01 11:05:01+00:00,naira_rates,"Mon August, 11:05:01 AM 

ğŸ’µ 1 USD &gt;&gt;&gt;&gt;&gt; â‚¦681.735
ğŸ’· 1 GBP &gt;&gt;&gt;&gt;&gt; â‚¦855.375
ğŸ’¶ 1 EUR &gt;&gt;&gt;&gt;&gt; â‚¦719.847

 v1.0.5"
121,2022-07-31 11:05:01+00:00,naira_rates,"Sun July, 11:05:01 AM 

ğŸ’µ 1 USD &gt;&gt;&gt;&gt;&gt; â‚¦681.735
ğŸ’· 1 GBP &gt;&gt;&gt;&gt;&gt; â‚¦855.375
ğŸ’¶ 1 EUR &gt;&gt;&gt;&gt;&gt; â‚¦719.847

 v1.0.5"
122,2022-07-30 11:05:01+00:00,naira_rates,"Sat July, 11:05:01 AM 

ğŸ’µ 1 USD &gt;&gt;&gt;&gt;&gt; â‚¦696.894
ğŸ’· 1 GBP &gt;&gt;&gt;&gt;&gt; â‚¦874.395
ğŸ’¶ 1 EUR &gt;&gt;&gt;&gt;&gt; â‚¦735.853

 v1.0.5"
123,2022-07-29 11:05:01+00:00,naira_rates,"Fri July, 11:05:01 AM 

ğŸ’µ 1 USD &gt;&gt;&gt;&gt;&gt; â‚¦676.219
ğŸ’· 1 GBP &gt;&gt;&gt;&gt;&gt; â‚¦834.935
ğŸ’¶ 1 EUR &gt;&gt;&gt;&gt;&gt; â‚¦712.229

 v1.0.5"
124,2022-07-28 11:05:02+00:00,naira_rates,"Thu July, 11:05:01 AM 

ğŸ’µ 1 USD &gt;&gt;&gt;&gt;&gt; â‚¦676.219
ğŸ’· 1 GBP &gt;&gt;&gt;&gt;&gt; â‚¦834.935
ğŸ’¶ 1 EUR &gt;&gt;&gt;&gt;&gt; â‚¦712.229

 v1.0.4"
125,2022-07-27 11:05:01+00:00,naira_rates,"Wed July, 11:05:01 AM 

ğŸ’µ 1 USD &gt;&gt;&gt;&gt;&gt; â‚¦652.042
ğŸ’· 1 GBP &gt;&gt;&gt;&gt;&gt; â‚¦810.137
ğŸ’¶ 1 EUR &gt;&gt;&gt;&gt;&gt; â‚¦687.429

 v1.0.4"
126,2022-07-26 11:05:02+00:00,naira_rates,"Tue July, 11:05:01 AM 

ğŸ’µ 1 USD &gt;&gt;&gt;&gt;&gt; â‚¦652.042
ğŸ’· 1 GBP &gt;&gt;&gt;&gt;&gt; â‚¦805.082
ğŸ’¶ 1 EUR &gt;&gt;&gt;&gt;&gt; â‚¦687.429

 v1.0.4"
127,2022-07-25 11:05:01+00:00,naira_rates,"Mon July, 11:05:01 AM 

ğŸ’µ 1 USD &gt;&gt;&gt;&gt;&gt; â‚¦652.042
ğŸ’· 1 GBP &gt;&gt;&gt;&gt;&gt; â‚¦805.082
ğŸ’¶ 1 EUR &gt;&gt;&gt;&gt;&gt; â‚¦687.429

 v1.0.4"
128,2022-07-24 11:05:02+00:00,naira_rates,"Sun July, 11:05:01 AM 

ğŸ’µ 1 USD &gt;&gt;&gt;&gt;&gt; â‚¦652.042
ğŸ’· 1 GBP &gt;&gt;&gt;&gt;&gt; â‚¦805.082
ğŸ’¶ 1 EUR &gt;&gt;&gt;&gt;&gt; â‚¦687.429

 v1.0.4"
129,2022-07-23 11:05:01+00:00,naira_rates,"Sat July, 11:05:01 AM 

ğŸ’µ 1 USD &gt;&gt;&gt;&gt;&gt; â‚¦652.042
ğŸ’· 1 GBP &gt;&gt;&gt;&gt;&gt; â‚¦805.082
ğŸ’¶ 1 EUR &gt;&gt;&gt;&gt;&gt; â‚¦687.429

 v1.0.4"
130,2022-07-22 11:05:01+00:00,naira_rates,"Fri July, 11:05:00 AM 

ğŸ’µ 1 USD &gt;&gt;&gt;&gt;&gt; â‚¦635.921
ğŸ’· 1 GBP &gt;&gt;&gt;&gt;&gt; â‚¦785.178
ğŸ’¶ 1 EUR &gt;&gt;&gt;&gt;&gt; â‚¦670.433

 v1.0.4"
131,2022-07-21 11:05:01+00:00,naira_rates,"Thu July, 11:05:01 AM 

ğŸ’µ 1 USD &gt;&gt;&gt;&gt;&gt; â‚¦623.665
ğŸ’· 1 GBP &gt;&gt;&gt;&gt;&gt; â‚¦771.954
ğŸ’¶ 1 EUR &gt;&gt;&gt;&gt;&gt; â‚¦659.803

 v1.0.4"
132,2022-07-20 11:05:01+00:00,naira_rates,"Wed July, 11:05:01 AM 

ğŸ’µ 1 USD &gt;&gt;&gt;&gt;&gt; â‚¦618.665
ğŸ’· 1 GBP &gt;&gt;&gt;&gt;&gt; â‚¦764.188
ğŸ’¶ 1 EUR &gt;&gt;&gt;&gt;&gt; â‚¦649.086

 v1.0.4"
133,2022-07-19 11:05:02+00:00,naira_rates,"Tue July, 11:05:01 AM 

ğŸ’µ 1 USD &gt;&gt;&gt;&gt;&gt; â‚¦608.903
ğŸ’· 1 GBP &gt;&gt;&gt;&gt;&gt; â‚¦748.713
ğŸ’¶ 1 EUR &gt;&gt;&gt;&gt;&gt; â‚¦636.980

 v1.0.4"
134,2022-07-18 11:05:01+00:00,naira_rates,"Mon July, 11:05:01 AM 

ğŸ’µ 1 USD &gt;&gt;&gt;&gt;&gt; â‚¦608.903
ğŸ’· 1 GBP &gt;&gt;&gt;&gt;&gt; â‚¦741.508
ğŸ’¶ 1 EUR &gt;&gt;&gt;&gt;&gt; â‚¦629.155

 v1.0.4"
135,2022-07-17 11:05:01+00:00,naira_rates,"Sun July, 11:05:01 AM 

ğŸ’µ 1 USD &gt;&gt;&gt;&gt;&gt; â‚¦608.903
ğŸ’· 1 GBP &gt;&gt;&gt;&gt;&gt; â‚¦741.508
ğŸ’¶ 1 EUR &gt;&gt;&gt;&gt;&gt; â‚¦629.155

 v1.0.4"
136,2022-07-16 11:05:01+00:00,naira_rates,"Sat July, 11:05:01 AM 

ğŸ’µ 1 USD &gt;&gt;&gt;&gt;&gt; â‚¦608.903
ğŸ’· 1 GBP &gt;&gt;&gt;&gt;&gt; â‚¦741.508
ğŸ’¶ 1 EUR &gt;&gt;&gt;&gt;&gt; â‚¦629.155

 v1.0.4"
137,2022-07-15 11:05:02+00:00,naira_rates,"Fri July, 11:05:01 AM 

ğŸ’µ 1 USD &gt;&gt;&gt;&gt;&gt; â‚¦607.061
ğŸ’· 1 GBP &gt;&gt;&gt;&gt;&gt; â‚¦741.804
ğŸ’¶ 1 EUR &gt;&gt;&gt;&gt;&gt; â‚¦627.251

 v1.0.4"
138,2022-07-14 11:05:01+00:00,naira_rates,"Thu July, 11:05:01 AM 

ğŸ’µ 1 USD &gt;&gt;&gt;&gt;&gt; â‚¦607.061
ğŸ’· 1 GBP &gt;&gt;&gt;&gt;&gt; â‚¦744.900
ğŸ’¶ 1 EUR &gt;&gt;&gt;&gt;&gt; â‚¦626.632

 v1.0.4"
139,2022-07-13 11:05:01+00:00,naira_rates,"Wed July, 11:05:01 AM 

ğŸ’µ 1 USD &gt;&gt;&gt;&gt;&gt; â‚¦607.061
ğŸ’· 1 GBP &gt;&gt;&gt;&gt;&gt; â‚¦732.844
ğŸ’¶ 1 EUR &gt;&gt;&gt;&gt;&gt; â‚¦619.572

 v1.0.4"
140,2022-07-12 11:05:01+00:00,naira_rates,"Tue July, 11:05:01 AM 

ğŸ’µ 1 USD &gt;&gt;&gt;&gt;&gt; â‚¦607.061
ğŸ’· 1 GBP &gt;&gt;&gt;&gt;&gt; â‚¦740.771
ğŸ’¶ 1 EUR &gt;&gt;&gt;&gt;&gt; â‚¦626.496

 v1.0.4"
141,2022-07-11 11:05:01+00:00,naira_rates,"Mon July, 11:05:01 AM 

ğŸ’µ 1 USD &gt;&gt;&gt;&gt;&gt; â‚¦607.061
ğŸ’· 1 GBP &gt;&gt;&gt;&gt;&gt; â‚¦750.473
ğŸ’¶ 1 EUR &gt;&gt;&gt;&gt;&gt; â‚¦636.601

 v1.0.4"
142,2022-07-10 11:05:01+00:00,naira_rates,"Sun July, 11:05:01 AM 

ğŸ’µ 1 USD &gt;&gt;&gt;&gt;&gt; â‚¦607.061
ğŸ’· 1 GBP &gt;&gt;&gt;&gt;&gt; â‚¦750.473
ğŸ’¶ 1 EUR &gt;&gt;&gt;&gt;&gt; â‚¦636.601

 v1.0.4"
143,2022-07-09 11:05:01+00:00,naira_rates,"Sat July, 11:05:00 AM 

ğŸ’µ 1 USD &gt;&gt;&gt;&gt;&gt; â‚¦607.061
ğŸ’· 1 GBP &gt;&gt;&gt;&gt;&gt; â‚¦748.615
ğŸ’¶ 1 EUR &gt;&gt;&gt;&gt;&gt; â‚¦638.459

 v1.0.4"
144,2022-07-08 11:05:01+00:00,naira_rates,"Fri July, 11:05:01 AM 

ğŸ’µ 1 USD &gt;&gt;&gt;&gt;&gt; â‚¦607.061
ğŸ’· 1 GBP &gt;&gt;&gt;&gt;&gt; â‚¦748.615
ğŸ’¶ 1 EUR &gt;&gt;&gt;&gt;&gt; â‚¦638.459

 v1.0.4"
145,2022-07-07 11:05:01+00:00,naira_rates,"Thu July, 11:05:01 AM 

ğŸ’µ 1 USD &gt;&gt;&gt;&gt;&gt; â‚¦607.061
ğŸ’· 1 GBP &gt;&gt;&gt;&gt;&gt; â‚¦748.615
ğŸ’¶ 1 EUR &gt;&gt;&gt;&gt;&gt; â‚¦642.855

 v1.0.4"
146,2022-07-06 11:05:01+00:00,naira_rates,"Wed July, 11:05:01 AM 

ğŸ’µ 1 USD &gt;&gt;&gt;&gt;&gt; â‚¦607.061
ğŸ’· 1 GBP &gt;&gt;&gt;&gt;&gt; â‚¦757.965
ğŸ’¶ 1 EUR &gt;&gt;&gt;&gt;&gt; â‚¦652.763

 v1.0.4"
147,2022-07-05 11:05:01+00:00,naira_rates,"Tue July, 11:05:01 AM 

ğŸ’µ 1 USD &gt;&gt;&gt;&gt;&gt; â‚¦607.061
ğŸ’· 1 GBP &gt;&gt;&gt;&gt;&gt; â‚¦757.036
ğŸ’¶ 1 EUR &gt;&gt;&gt;&gt;&gt; â‚¦654.063

 v1.0.4"
148,2022-07-04 11:05:01+00:00,naira_rates,"Mon July, 11:05:01 AM 

ğŸ’µ 1 USD &gt;&gt;&gt;&gt;&gt; â‚¦607.061
ğŸ’· 1 GBP &gt;&gt;&gt;&gt;&gt; â‚¦757.036
ğŸ’¶ 1 EUR &gt;&gt;&gt;&gt;&gt; â‚¦654.063

 v1.0.4"
149,2022-07-03 11:05:01+00:00,naira_rates,"Sun July, 11:05:01 AM 

ğŸ’µ 1 USD &gt;&gt;&gt;&gt;&gt; â‚¦607.061
ğŸ’· 1 GBP &gt;&gt;&gt;&gt;&gt; â‚¦757.036
ğŸ’¶ 1 EUR &gt;&gt;&gt;&gt;&gt; â‚¦654.063

 v1.0.4"
150,2022-07-02 11:05:01+00:00,naira_rates,"Sat July, 11:05:01 AM 

ğŸ’µ 1 USD &gt;&gt;&gt;&gt;&gt; â‚¦607.061
ğŸ’· 1 GBP &gt;&gt;&gt;&gt;&gt; â‚¦762.919
ğŸ’¶ 1 EUR &gt;&gt;&gt;&gt;&gt; â‚¦658.397

 v1.0.4"
151,2022-07-01 11:05:01+00:00,naira_rates,"Fri July, 11:05:00 AM 

ğŸ’µ 1 USD &gt;&gt;&gt;&gt;&gt; â‚¦607.061
ğŸ’· 1 GBP &gt;&gt;&gt;&gt;&gt; â‚¦762.919
ğŸ’¶ 1 EUR &gt;&gt;&gt;&gt;&gt; â‚¦658.397

 v1.0.4"
152,2022-06-30 11:05:01+00:00,naira_rates,"Thu June, 11:05:01 AM 

ğŸ’µ 1 USD &gt;&gt;&gt;&gt;&gt; â‚¦607.061
ğŸ’· 1 GBP &gt;&gt;&gt;&gt;&gt; â‚¦762.919
ğŸ’¶ 1 EUR &gt;&gt;&gt;&gt;&gt; â‚¦658.397

 v1.0.4"
153,2022-06-29 11:05:01+00:00,naira_rates,"Wed June, 11:05:01 AM 

ğŸ’µ 1 USD &gt;&gt;&gt;&gt;&gt; â‚¦607.061
ğŸ’· 1 GBP &gt;&gt;&gt;&gt;&gt; â‚¦762.919
ğŸ’¶ 1 EUR &gt;&gt;&gt;&gt;&gt; â‚¦658.397

 v1.0.4"
154,2022-06-28 11:05:01+00:00,naira_rates,"Tue June, 11:05:01 AM 

ğŸ’µ 1 USD &gt;&gt;&gt;&gt;&gt; â‚¦599.086
ğŸ’· 1 GBP &gt;&gt;&gt;&gt;&gt; â‚¦758.152
ğŸ’¶ 1 EUR &gt;&gt;&gt;&gt;&gt; â‚¦650.665

 v1.0.4"
155,2022-06-27 11:05:02+00:00,naira_rates,"Mon June, 11:05:01 AM 

ğŸ’µ 1 USD &gt;&gt;&gt;&gt;&gt; â‚¦599.086
ğŸ’· 1 GBP &gt;&gt;&gt;&gt;&gt; â‚¦758.152
ğŸ’¶ 1 EUR &gt;&gt;&gt;&gt;&gt; â‚¦650.665

 v1.0.4"
156,2022-06-26 11:05:01+00:00,naira_rates,"Sun June, 11:05:00 AM 

ğŸ’µ 1 USD &gt;&gt;&gt;&gt;&gt; â‚¦599.086
ğŸ’· 1 GBP &gt;&gt;&gt;&gt;&gt; â‚¦758.152
ğŸ’¶ 1 EUR &gt;&gt;&gt;&gt;&gt; â‚¦650.665

 v1.0.4"
157,2022-06-25 11:05:01+00:00,naira_rates,"Sat June, 11:05:01 AM 

ğŸ’µ 1 USD &gt;&gt;&gt;&gt;&gt; â‚¦599.086
ğŸ’· 1 GBP &gt;&gt;&gt;&gt;&gt; â‚¦758.152
ğŸ’¶ 1 EUR &gt;&gt;&gt;&gt;&gt; â‚¦650.665

 v1.0.4"
158,2022-06-24 11:05:02+00:00,naira_rates,"Fri June, 11:05:01 AM 

ğŸ’µ 1 USD &gt;&gt;&gt;&gt;&gt; â‚¦599.086
ğŸ’· 1 GBP &gt;&gt;&gt;&gt;&gt; â‚¦754.424
ğŸ’¶ 1 EUR &gt;&gt;&gt;&gt;&gt; â‚¦651.887

 v1.0.4"
159,2022-06-23 11:05:01+00:00,naira_rates,"Thu June, 11:05:01 AM 

ğŸ’µ 1 USD &gt;&gt;&gt;&gt;&gt; â‚¦599.086
ğŸ’· 1 GBP &gt;&gt;&gt;&gt;&gt; â‚¦751.980
ğŸ’¶ 1 EUR &gt;&gt;&gt;&gt;&gt; â‚¦648.526

 v1.0.4"
160,2022-06-22 11:05:01+00:00,naira_rates,"Wed June, 11:05:00 AM 

ğŸ’µ 1 USD &gt;&gt;&gt;&gt;&gt; â‚¦599.086
ğŸ’· 1 GBP &gt;&gt;&gt;&gt;&gt; â‚¦759.068
ğŸ’¶ 1 EUR &gt;&gt;&gt;&gt;&gt; â‚¦651.582

 v1.0.4"
161,2022-06-21 11:05:01+00:00,naira_rates,"Tue June, 11:05:01 AM 

ğŸ’µ 1 USD &gt;&gt;&gt;&gt;&gt; â‚¦599.086
ğŸ’· 1 GBP &gt;&gt;&gt;&gt;&gt; â‚¦756.013
ğŸ’¶ 1 EUR &gt;&gt;&gt;&gt;&gt; â‚¦650.054

 v1.0.4"
162,2022-06-20 11:05:01+00:00,naira_rates,"Mon June, 11:05:01 AM 

ğŸ’µ 1 USD &gt;&gt;&gt;&gt;&gt; â‚¦599.086
ğŸ’· 1 GBP &gt;&gt;&gt;&gt;&gt; â‚¦758.763
ğŸ’¶ 1 EUR &gt;&gt;&gt;&gt;&gt; â‚¦649.748

 v1.0.4"
163,2022-06-19 11:05:01+00:00,naira_rates,"Sun June, 11:05:01 AM 

ğŸ’µ 1 USD &gt;&gt;&gt;&gt;&gt; â‚¦599.086
ğŸ’· 1 GBP &gt;&gt;&gt;&gt;&gt; â‚¦758.763
ğŸ’¶ 1 EUR &gt;&gt;&gt;&gt;&gt; â‚¦649.748

 v1.0.4"
164,2022-06-18 11:05:02+00:00,naira_rates,"Sat June, 11:05:01 AM 

ğŸ’µ 1 USD &gt;&gt;&gt;&gt;&gt; â‚¦599.086
ğŸ’· 1 GBP &gt;&gt;&gt;&gt;&gt; â‚¦758.763
ğŸ’¶ 1 EUR &gt;&gt;&gt;&gt;&gt; â‚¦649.748

 v1.0.4"
165,2022-06-17 11:05:01+00:00,naira_rates,"Fri June, 11:05:01 AM 

ğŸ’µ 1 USD &gt;&gt;&gt;&gt;&gt; â‚¦599.086
ğŸ’· 1 GBP &gt;&gt;&gt;&gt;&gt; â‚¦745.258
ğŸ’¶ 1 EUR &gt;&gt;&gt;&gt;&gt; â‚¦642.355

 v1.0.4"
166,2022-06-16 11:05:01+00:00,naira_rates,"Thu June, 11:05:00 AM 

ğŸ’µ 1 USD &gt;&gt;&gt;&gt;&gt; â‚¦599.086
ğŸ’· 1 GBP &gt;&gt;&gt;&gt;&gt; â‚¦745.258
ğŸ’¶ 1 EUR &gt;&gt;&gt;&gt;&gt; â‚¦642.355

 v1.0.4"
167,2022-06-15 11:05:01+00:00,naira_rates,"Wed June, 11:05:01 AM 

ğŸ’µ 1 USD &gt;&gt;&gt;&gt;&gt; â‚¦596.593
ğŸ’· 1 GBP &gt;&gt;&gt;&gt;&gt; â‚¦740.635
ğŸ’¶ 1 EUR &gt;&gt;&gt;&gt;&gt; â‚¦645.218

 v1.0.4"
168,2022-06-14 11:05:01+00:00,naira_rates,"Tue June, 11:05:01 AM 

ğŸ’µ 1 USD &gt;&gt;&gt;&gt;&gt; â‚¦594.120
ğŸ’· 1 GBP &gt;&gt;&gt;&gt;&gt; â‚¦760.836
ğŸ’¶ 1 EUR &gt;&gt;&gt;&gt;&gt; â‚¦649.028

 v1.0.4"
169,2022-06-13 11:05:01+00:00,naira_rates,"Mon June, 11:05:01 AM 

ğŸ’µ 1 USD &gt;&gt;&gt;&gt;&gt; â‚¦594.120
ğŸ’· 1 GBP &gt;&gt;&gt;&gt;&gt; â‚¦760.836
ğŸ’¶ 1 EUR &gt;&gt;&gt;&gt;&gt; â‚¦649.028

 v1.0.4"
170,2022-06-12 11:05:01+00:00,naira_rates,"Sun June, 11:05:00 AM 

ğŸ’µ 1 USD &gt;&gt;&gt;&gt;&gt; â‚¦594.120
ğŸ’· 1 GBP &gt;&gt;&gt;&gt;&gt; â‚¦760.836
ğŸ’¶ 1 EUR &gt;&gt;&gt;&gt;&gt; â‚¦649.028

 v1.0.4"
171,2022-06-11 11:05:01+00:00,naira_rates,"Sat June, 11:05:00 AM 

ğŸ’µ 1 USD &gt;&gt;&gt;&gt;&gt; â‚¦594.120
ğŸ’· 1 GBP &gt;&gt;&gt;&gt;&gt; â‚¦760.836
ğŸ’¶ 1 EUR &gt;&gt;&gt;&gt;&gt; â‚¦649.028

 v1.0.4"
172,2022-06-10 11:05:01+00:00,naira_rates,"Fri June, 11:05:01 AM 

ğŸ’µ 1 USD &gt;&gt;&gt;&gt;&gt; â‚¦594.120
ğŸ’· 1 GBP &gt;&gt;&gt;&gt;&gt; â‚¦765.381
ğŸ’¶ 1 EUR &gt;&gt;&gt;&gt;&gt; â‚¦651.755

 v1.0.4"
173,2022-06-09 11:05:01+00:00,naira_rates,"Thu June, 11:05:00 AM 

ğŸ’µ 1 USD &gt;&gt;&gt;&gt;&gt; â‚¦594.120
ğŸ’· 1 GBP &gt;&gt;&gt;&gt;&gt; â‚¦765.381
ğŸ’¶ 1 EUR &gt;&gt;&gt;&gt;&gt; â‚¦651.755

 v1.0.4"
174,2022-06-08 11:05:01+00:00,naira_rates,"Wed June, 11:05:01 AM 

ğŸ’µ 1 USD &gt;&gt;&gt;&gt;&gt; â‚¦594.120
ğŸ’· 1 GBP &gt;&gt;&gt;&gt;&gt; â‚¦760.533
ğŸ’¶ 1 EUR &gt;&gt;&gt;&gt;&gt; â‚¦652.058

 v1.0.4"
175,2022-06-07 11:05:01+00:00,naira_rates,"Tue June, 11:05:01 AM 

ğŸ’µ 1 USD &gt;&gt;&gt;&gt;&gt; â‚¦594.120
ğŸ’· 1 GBP &gt;&gt;&gt;&gt;&gt; â‚¦764.169
ğŸ’¶ 1 EUR &gt;&gt;&gt;&gt;&gt; â‚¦655.088

 v1.0.4"
176,2022-06-06 11:05:01+00:00,naira_rates,"Mon June, 11:05:00 AM 

ğŸ’µ 1 USD &gt;&gt;&gt;&gt;&gt; â‚¦594.120
ğŸ’· 1 GBP &gt;&gt;&gt;&gt;&gt; â‚¦765.987
ğŸ’¶ 1 EUR &gt;&gt;&gt;&gt;&gt; â‚¦656.300

 v1.0.4"
177,2022-06-05 11:05:01+00:00,naira_rates,"Sun June, 11:05:01 AM 

ğŸ’µ 1 USD &gt;&gt;&gt;&gt;&gt; â‚¦594.120
ğŸ’· 1 GBP &gt;&gt;&gt;&gt;&gt; â‚¦765.987
ğŸ’¶ 1 EUR &gt;&gt;&gt;&gt;&gt; â‚¦656.300

 v1.0.4"
178,2022-06-04 11:05:01+00:00,naira_rates,"Sat June, 11:05:01 AM 

ğŸ’µ 1 USD &gt;&gt;&gt;&gt;&gt; â‚¦594.120
ğŸ’· 1 GBP &gt;&gt;&gt;&gt;&gt; â‚¦765.987
ğŸ’¶ 1 EUR &gt;&gt;&gt;&gt;&gt; â‚¦656.300

 v1.0.4"
179,2022-06-03 11:05:01+00:00,naira_rates,"Fri June, 11:05:01 AM 

ğŸ’µ 1 USD &gt;&gt;&gt;&gt;&gt; â‚¦594.120
ğŸ’· 1 GBP &gt;&gt;&gt;&gt;&gt; â‚¦764.169
ğŸ’¶ 1 EUR &gt;&gt;&gt;&gt;&gt; â‚¦651.149

 v1.0.4"
180,2022-06-02 11:05:01+00:00,naira_rates,"Thu June, 11:05:01 AM 

ğŸ’µ 1 USD &gt;&gt;&gt;&gt;&gt; â‚¦594.120
ğŸ’· 1 GBP &gt;&gt;&gt;&gt;&gt; â‚¦767.805
ğŸ’¶ 1 EUR &gt;&gt;&gt;&gt;&gt; â‚¦654.785

 v1.0.4"
181,2022-06-01 11:05:01+00:00,naira_rates,"Wed June, 11:05:01 AM 

ğŸ’µ 1 USD &gt;&gt;&gt;&gt;&gt; â‚¦599.086
ğŸ’· 1 GBP &gt;&gt;&gt;&gt;&gt; â‚¦778.989
ğŸ’¶ 1 EUR &gt;&gt;&gt;&gt;&gt; â‚¦664.170

 v1.0.4"
182,2022-05-31 11:05:01+00:00,naira_rates,"Tue May, 11:05:01 AM 

ğŸ’µ 1 USD &gt;&gt;&gt;&gt;&gt; â‚¦599.086
ğŸ’· 1 GBP &gt;&gt;&gt;&gt;&gt; â‚¦778.989
ğŸ’¶ 1 EUR &gt;&gt;&gt;&gt;&gt; â‚¦664.170

 v1.0.4"
183,2022-05-30 11:05:01+00:00,naira_rates,"Mon May, 11:05:01 AM 

ğŸ’µ 1 USD &gt;&gt;&gt;&gt;&gt; â‚¦599.086
ğŸ’· 1 GBP &gt;&gt;&gt;&gt;&gt; â‚¦778.989
ğŸ’¶ 1 EUR &gt;&gt;&gt;&gt;&gt; â‚¦664.170

 v1.0.4"
184,2022-05-29 11:05:01+00:00,naira_rates,"Sun May, 11:05:01 AM 

ğŸ’µ 1 USD &gt;&gt;&gt;&gt;&gt; â‚¦599.086
ğŸ’· 1 GBP &gt;&gt;&gt;&gt;&gt; â‚¦778.989
ğŸ’¶ 1 EUR &gt;&gt;&gt;&gt;&gt; â‚¦664.170

 v1.0.3"
185,2022-05-28 11:05:01+00:00,naira_rates,"Sat May, 11:05:01 AM 

ğŸ’µ 1 USD &gt;&gt;&gt;&gt;&gt; â‚¦599.086
ğŸ’· 1 GBP &gt;&gt;&gt;&gt;&gt; â‚¦771.352
ğŸ’¶ 1 EUR &gt;&gt;&gt;&gt;&gt; â‚¦657.658

 v1.0.3"
186,2022-05-27 11:05:01+00:00,naira_rates,"Fri May, 11:05:01 AM 

ğŸ’µ 1 USD &gt;&gt;&gt;&gt;&gt; â‚¦595.530
ğŸ’· 1 GBP &gt;&gt;&gt;&gt;&gt; â‚¦764.669
ğŸ’¶ 1 EUR &gt;&gt;&gt;&gt;&gt; â‚¦649.544

 v1.0.3"
187,2022-05-26 11:05:01+00:00,naira_rates,"Thu May, 11:05:01 AM 

ğŸ’µ 1 USD &gt;&gt;&gt;&gt;&gt; â‚¦595.530
ğŸ’· 1 GBP &gt;&gt;&gt;&gt;&gt; â‚¦762.563
ğŸ’¶ 1 EUR &gt;&gt;&gt;&gt;&gt; â‚¦649.845

 v1.0.3"
188,2022-05-25 11:05:02+00:00,naira_rates,"Wed May, 11:05:01 AM 

ğŸ’µ 1 USD &gt;&gt;&gt;&gt;&gt; â‚¦595.530
ğŸ’· 1 GBP &gt;&gt;&gt;&gt;&gt; â‚¦762.563
ğŸ’¶ 1 EUR &gt;&gt;&gt;&gt;&gt; â‚¦649.845

 v1.0.3"
189,2022-05-24 11:05:01+00:00,naira_rates,"Tue May, 11:05:00 AM 

ğŸ’µ 1 USD &gt;&gt;&gt;&gt;&gt; â‚¦595.530
ğŸ’· 1 GBP &gt;&gt;&gt;&gt;&gt; â‚¦764.969
ğŸ’¶ 1 EUR &gt;&gt;&gt;&gt;&gt; â‚¦651.950

 v1.0.3"
190,2022-05-23 11:05:01+00:00,naira_rates,"Mon May, 11:05:01 AM 

ğŸ’µ 1 USD &gt;&gt;&gt;&gt;&gt; â‚¦594.120
ğŸ’· 1 GBP &gt;&gt;&gt;&gt;&gt; â‚¦756.557
ğŸ’¶ 1 EUR &gt;&gt;&gt;&gt;&gt; â‚¦641.645

 v1.0.3"
191,2022-05-22 11:05:02+00:00,naira_rates,"Sun May, 11:05:01 AM 

ğŸ’µ 1 USD &gt;&gt;&gt;&gt;&gt; â‚¦594.120
ğŸ’· 1 GBP &gt;&gt;&gt;&gt;&gt; â‚¦756.557
ğŸ’¶ 1 EUR &gt;&gt;&gt;&gt;&gt; â‚¦641.645

 v1.0.3"
192,2022-05-21 11:05:01+00:00,naira_rates,"Sat May, 11:05:01 AM 

ğŸ’µ 1 USD &gt;&gt;&gt;&gt;&gt; â‚¦590.275
ğŸ’· 1 GBP &gt;&gt;&gt;&gt;&gt; â‚¦751.661
ğŸ’¶ 1 EUR &gt;&gt;&gt;&gt;&gt; â‚¦637.493

 v1.0.3"
193,2022-05-20 11:05:01+00:00,naira_rates,"Fri May, 11:05:01 AM 

ğŸ’µ 1 USD &gt;&gt;&gt;&gt;&gt; â‚¦590.275
ğŸ’· 1 GBP &gt;&gt;&gt;&gt;&gt; â‚¦743.851
ğŸ’¶ 1 EUR &gt;&gt;&gt;&gt;&gt; â‚¦631.531

 v1.0.3"
194,2022-05-19 11:05:01+00:00,naira_rates,"Thu May, 11:05:01 AM 

ğŸ’µ 1 USD &gt;&gt;&gt;&gt;&gt; â‚¦590.275
ğŸ’· 1 GBP &gt;&gt;&gt;&gt;&gt; â‚¦749.575
ğŸ’¶ 1 EUR &gt;&gt;&gt;&gt;&gt; â‚¦635.049

 v1.0.3"
195,2022-05-18 11:05:01+00:00,naira_rates,"Wed May, 11:05:01 AM 

ğŸ’µ 1 USD &gt;&gt;&gt;&gt;&gt; â‚¦590.275
ğŸ’· 1 GBP &gt;&gt;&gt;&gt;&gt; â‚¦752.555
ğŸ’¶ 1 EUR &gt;&gt;&gt;&gt;&gt; â‚¦632.724

 v1.0.3"
196,2022-05-17 11:05:01+00:00,naira_rates,"Tue May, 11:05:01 AM 

ğŸ’µ 1 USD &gt;&gt;&gt;&gt;&gt; â‚¦590.275
ğŸ’· 1 GBP &gt;&gt;&gt;&gt;&gt; â‚¦737.293
ğŸ’¶ 1 EUR &gt;&gt;&gt;&gt;&gt; â‚¦628.491

 v1.0.3"
197,2022-05-16 11:05:01+00:00,naira_rates,"Mon May, 11:05:01 AM 

ğŸ’µ 1 USD &gt;&gt;&gt;&gt;&gt; â‚¦590.275
ğŸ’· 1 GBP &gt;&gt;&gt;&gt;&gt; â‚¦736.339
ğŸ’¶ 1 EUR &gt;&gt;&gt;&gt;&gt; â‚¦627.298

 v1.0.3"
198,2022-05-15 11:05:01+00:00,naira_rates,"Sun May, 11:05:01 AM 

ğŸ’µ 1 USD &gt;&gt;&gt;&gt;&gt; â‚¦590.275
ğŸ’· 1 GBP &gt;&gt;&gt;&gt;&gt; â‚¦736.339
ğŸ’¶ 1 EUR &gt;&gt;&gt;&gt;&gt; â‚¦627.298

 v1.0.3"
199,2022-05-14 11:05:01+00:00,naira_rates,"Sat May, 11:05:01 AM 

ğŸ’µ 1 USD &gt;&gt;&gt;&gt;&gt; â‚¦590.275
ğŸ’· 1 GBP &gt;&gt;&gt;&gt;&gt; â‚¦736.339
ğŸ’¶ 1 EUR &gt;&gt;&gt;&gt;&gt; â‚¦627.298

 v1.0.3"
200,2022-05-13 11:05:01+00:00,naira_rates,"Fri May, 11:05:00 AM 

ğŸ’µ 1 USD &gt;&gt;&gt;&gt;&gt; â‚¦590.275
ğŸ’· 1 GBP &gt;&gt;&gt;&gt;&gt; â‚¦736.339
ğŸ’¶ 1 EUR &gt;&gt;&gt;&gt;&gt; â‚¦627.298

 v1.0.3"
201,2022-05-12 11:05:01+00:00,naira_rates,"Thu May, 11:05:01 AM 

ğŸ’µ 1 USD &gt;&gt;&gt;&gt;&gt; â‚¦590.275
ğŸ’· 1 GBP &gt;&gt;&gt;&gt;&gt; â‚¦742.659
ğŸ’¶ 1 EUR &gt;&gt;&gt;&gt;&gt; â‚¦636.599

 v1.0.3"
202,2022-05-11 11:05:01+00:00,naira_rates,"Wed May, 11:05:01 AM 

ğŸ’µ 1 USD &gt;&gt;&gt;&gt;&gt; â‚¦587.166
ğŸ’· 1 GBP &gt;&gt;&gt;&gt;&gt; â‚¦736.375
ğŸ’¶ 1 EUR &gt;&gt;&gt;&gt;&gt; â‚¦630.577

 v1.0.3"
203,2022-05-10 11:05:01+00:00,naira_rates,"Tue May, 11:05:01 AM 

ğŸ’µ 1 USD &gt;&gt;&gt;&gt;&gt; â‚¦587.166
ğŸ’· 1 GBP &gt;&gt;&gt;&gt;&gt; â‚¦736.375
ğŸ’¶ 1 EUR &gt;&gt;&gt;&gt;&gt; â‚¦630.577

 v1.0.3"
204,2022-05-09 11:05:01+00:00,naira_rates,"Mon May, 11:05:01 AM 

ğŸ’µ 1 USD &gt;&gt;&gt;&gt;&gt; â‚¦583.411
ğŸ’· 1 GBP &gt;&gt;&gt;&gt;&gt; â‚¦731.666
ğŸ’¶ 1 EUR &gt;&gt;&gt;&gt;&gt; â‚¦625.071

 v1.0.3"
205,2022-05-08 11:05:02+00:00,naira_rates,"Sun May, 11:05:01 AM 

ğŸ’µ 1 USD &gt;&gt;&gt;&gt;&gt; â‚¦583.411
ğŸ’· 1 GBP &gt;&gt;&gt;&gt;&gt; â‚¦731.666
ğŸ’¶ 1 EUR &gt;&gt;&gt;&gt;&gt; â‚¦625.071

 v1.0.3"
206,2022-05-07 11:12:20+00:00,naira_rates,"Sat May, 12:12:19 PM 

ğŸ’µ 1 USD &gt;&gt;&gt;&gt;&gt; â‚¦583.411
ğŸ’· 1 GBP &gt;&gt;&gt;&gt;&gt; â‚¦731.666
ğŸ’¶ 1 EUR &gt;&gt;&gt;&gt;&gt; â‚¦625.071

 v1.0.3"
207,2022-05-06 11:05:01+00:00,naira_rates,"Fri May, 11:05:01 AM 

ğŸ’µ 1 USD &gt;&gt;&gt;&gt;&gt; â‚¦583.411
ğŸ’· 1 GBP &gt;&gt;&gt;&gt;&gt; â‚¦745.867
ğŸ’¶ 1 EUR &gt;&gt;&gt;&gt;&gt; â‚¦630.964"
208,2022-05-05 11:05:02+00:00,naira_rates,"Thu May, 11:05:01 AM 

ğŸ’µ 1 USD &gt;&gt;&gt;&gt;&gt; â‚¦582.395
ğŸ’· 1 GBP &gt;&gt;&gt;&gt;&gt; â‚¦742.509
ğŸ’¶ 1 EUR &gt;&gt;&gt;&gt;&gt; â‚¦625.454"
209,2022-05-04 11:05:01+00:00,naira_rates,"Wed May, 11:05:00 AM 

ğŸ’µ 1 USD &gt;&gt;&gt;&gt;&gt; â‚¦581.383
ğŸ’· 1 GBP &gt;&gt;&gt;&gt;&gt; â‚¦749.146
ğŸ’¶ 1 EUR &gt;&gt;&gt;&gt;&gt; â‚¦626.715"
210,2022-05-03 11:05:01+00:00,naira_rates,"Tue May, 11:05:01 AM 

ğŸ’µ 1 USD &gt;&gt;&gt;&gt;&gt; â‚¦581.383
ğŸ’· 1 GBP &gt;&gt;&gt;&gt;&gt; â‚¦749.146
ğŸ’¶ 1 EUR &gt;&gt;&gt;&gt;&gt; â‚¦626.715"
211,2022-05-02 11:05:01+00:00,naira_rates,"Mon May, 11:05:01 AM 

ğŸ’µ 1 USD &gt;&gt;&gt;&gt;&gt; â‚¦581.383
ğŸ’· 1 GBP &gt;&gt;&gt;&gt;&gt; â‚¦749.146
ğŸ’¶ 1 EUR &gt;&gt;&gt;&gt;&gt; â‚¦626.715"
212,2022-05-01 11:05:01+00:00,naira_rates,"Sun May, 11:05:01 AM 

ğŸ’µ 1 USD &gt;&gt;&gt;&gt;&gt; â‚¦581.383
ğŸ’· 1 GBP &gt;&gt;&gt;&gt;&gt; â‚¦749.146
ğŸ’¶ 1 EUR &gt;&gt;&gt;&gt;&gt; â‚¦626.715"
213,2022-04-30 11:05:01+00:00,naira_rates,"Sat April, 11:05:01 AM 

ğŸ’µ 1 USD &gt;&gt;&gt;&gt;&gt; â‚¦581.383
ğŸ’· 1 GBP &gt;&gt;&gt;&gt;&gt; â‚¦749.146
ğŸ’¶ 1 EUR &gt;&gt;&gt;&gt;&gt; â‚¦626.715"
214,2022-04-29 11:05:01+00:00,naira_rates,"Fri April, 11:05:00 AM 

ğŸ’µ 1 USD &gt;&gt;&gt;&gt;&gt; â‚¦577.369
ğŸ’· 1 GBP &gt;&gt;&gt;&gt;&gt; â‚¦739.891
ğŸ’¶ 1 EUR &gt;&gt;&gt;&gt;&gt; â‚¦622.388"
215,2022-04-28 11:05:01+00:00,naira_rates,"Thu April, 11:05:01 AM 

ğŸ’µ 1 USD &gt;&gt;&gt;&gt;&gt; â‚¦577.369
ğŸ’· 1 GBP &gt;&gt;&gt;&gt;&gt; â‚¦750.738
ğŸ’¶ 1 EUR &gt;&gt;&gt;&gt;&gt; â‚¦630.902"
216,2022-04-27 11:05:01+00:00,naira_rates,"Wed April, 11:05:01 AM 

ğŸ’µ 1 USD &gt;&gt;&gt;&gt;&gt; â‚¦577.369
ğŸ’· 1 GBP &gt;&gt;&gt;&gt;&gt; â‚¦750.738
ğŸ’¶ 1 EUR &gt;&gt;&gt;&gt;&gt; â‚¦630.902"
217,2022-04-26 11:05:01+00:00,naira_rates,"Tue April, 11:05:00 AM 

ğŸ’µ 1 USD &gt;&gt;&gt;&gt;&gt; â‚¦577.369
ğŸ’· 1 GBP &gt;&gt;&gt;&gt;&gt; â‚¦750.738
ğŸ’¶ 1 EUR &gt;&gt;&gt;&gt;&gt; â‚¦630.902"
218,2022-04-25 11:05:01+00:00,naira_rates,"Mon April, 11:05:01 AM 

ğŸ’µ 1 USD &gt;&gt;&gt;&gt;&gt; â‚¦577.369
ğŸ’· 1 GBP &gt;&gt;&gt;&gt;&gt; â‚¦763.042
ğŸ’¶ 1 EUR &gt;&gt;&gt;&gt;&gt; â‚¦637.317"
219,2022-04-24 11:05:01+00:00,naira_rates,"Sun April, 11:05:01 AM 

ğŸ’µ 1 USD &gt;&gt;&gt;&gt;&gt; â‚¦577.369
ğŸ’· 1 GBP &gt;&gt;&gt;&gt;&gt; â‚¦763.042
ğŸ’¶ 1 EUR &gt;&gt;&gt;&gt;&gt; â‚¦637.317"
220,2022-04-23 11:05:01+00:00,naira_rates,"Sat April, 11:05:01 AM 

ğŸ’µ 1 USD &gt;&gt;&gt;&gt;&gt; â‚¦577.369
ğŸ’· 1 GBP &gt;&gt;&gt;&gt;&gt; â‚¦763.042
ğŸ’¶ 1 EUR &gt;&gt;&gt;&gt;&gt; â‚¦637.317"
221,2022-04-22 11:05:01+00:00,naira_rates,"Fri April, 11:05:01 AM 

ğŸ’µ 1 USD &gt;&gt;&gt;&gt;&gt; â‚¦577.369
ğŸ’· 1 GBP &gt;&gt;&gt;&gt;&gt; â‚¦769.515
ğŸ’¶ 1 EUR &gt;&gt;&gt;&gt;&gt; â‚¦642.623"
222,2022-04-21 11:05:01+00:00,naira_rates,"Thu April, 11:05:01 AM 

ğŸ’µ 1 USD &gt;&gt;&gt;&gt;&gt; â‚¦577.369
ğŸ’· 1 GBP &gt;&gt;&gt;&gt;&gt; â‚¦767.124
ğŸ’¶ 1 EUR &gt;&gt;&gt;&gt;&gt; â‚¦636.442"
223,2022-04-20 11:05:01+00:00,naira_rates,"Wed April, 11:05:01 AM 

ğŸ’µ 1 USD &gt;&gt;&gt;&gt;&gt; â‚¦577.369
ğŸ’· 1 GBP &gt;&gt;&gt;&gt;&gt; â‚¦773.305
ğŸ’¶ 1 EUR &gt;&gt;&gt;&gt;&gt; â‚¦642.915"
224,2022-04-19 11:05:01+00:00,naira_rates,"Tue April, 11:05:01 AM 

ğŸ’µ 1 USD &gt;&gt;&gt;&gt;&gt; â‚¦577.369
ğŸ’· 1 GBP &gt;&gt;&gt;&gt;&gt; â‚¦773.305
ğŸ’¶ 1 EUR &gt;&gt;&gt;&gt;&gt; â‚¦642.915"
225,2022-04-18 11:05:01+00:00,naira_rates,"Mon April, 11:05:01 AM 

ğŸ’µ 1 USD &gt;&gt;&gt;&gt;&gt; â‚¦577.369
ğŸ’· 1 GBP &gt;&gt;&gt;&gt;&gt; â‚¦773.305
ğŸ’¶ 1 EUR &gt;&gt;&gt;&gt;&gt; â‚¦642.915"
226,2022-04-17 11:05:01+00:00,naira_rates,"Sun April, 11:05:01 AM 

ğŸ’µ 1 USD &gt;&gt;&gt;&gt;&gt; â‚¦577.369
ğŸ’· 1 GBP &gt;&gt;&gt;&gt;&gt; â‚¦773.305
ğŸ’¶ 1 EUR &gt;&gt;&gt;&gt;&gt; â‚¦642.915"
227,2022-04-16 11:05:01+00:00,naira_rates,"Sat April, 11:05:01 AM 

ğŸ’µ 1 USD &gt;&gt;&gt;&gt;&gt; â‚¦577.369
ğŸ’· 1 GBP &gt;&gt;&gt;&gt;&gt; â‚¦773.305
ğŸ’¶ 1 EUR &gt;&gt;&gt;&gt;&gt; â‚¦642.915"
228,2022-04-14 11:05:01+00:00,naira_rates,"Thu April, 11:05:01 AM 

ğŸ’µ 1 USD &gt;&gt;&gt;&gt;&gt; â‚¦577.369
ğŸ’· 1 GBP &gt;&gt;&gt;&gt;&gt; â‚¦764.500
ğŸ’¶ 1 EUR &gt;&gt;&gt;&gt;&gt; â‚¦637.841"
229,2022-04-13 11:05:01+00:00,naira_rates,"Wed April, 11:05:01 AM 

ğŸ’µ 1 USD &gt;&gt;&gt;&gt;&gt; â‚¦577.369
ğŸ’· 1 GBP &gt;&gt;&gt;&gt;&gt; â‚¦766.249
ğŸ’¶ 1 EUR &gt;&gt;&gt;&gt;&gt; â‚¦640.291"
230,2022-04-12 11:05:01+00:00,naira_rates,"Tue April, 11:05:01 AM 

ğŸ’µ 1 USD &gt;&gt;&gt;&gt;&gt; â‚¦577.369
ğŸ’· 1 GBP &gt;&gt;&gt;&gt;&gt; â‚¦766.541
ğŸ’¶ 1 EUR &gt;&gt;&gt;&gt;&gt; â‚¦642.623"
231,2022-04-10 11:05:01+00:00,naira_rates,"Sun April, 11:05:00 AM 

ğŸ’µ 1 USD &gt;&gt;&gt;&gt;&gt; â‚¦577.369
ğŸ’· 1 GBP &gt;&gt;&gt;&gt;&gt; â‚¦767.416
ğŸ’¶ 1 EUR &gt;&gt;&gt;&gt;&gt; â‚¦640.291"
232,2022-04-09 11:05:01+00:00,naira_rates,"Sat April, 11:05:01 AM 

ğŸ’µ 1 USD &gt;&gt;&gt;&gt;&gt; â‚¦577.369
ğŸ’· 1 GBP &gt;&gt;&gt;&gt;&gt; â‚¦771.848
ğŸ’¶ 1 EUR &gt;&gt;&gt;&gt;&gt; â‚¦650.321"
233,2022-04-08 11:05:02+00:00,naira_rates,"Fri April, 11:05:01 AM 

ğŸ’µ 1 USD &gt;&gt;&gt;&gt;&gt; â‚¦577.369
ğŸ’· 1 GBP &gt;&gt;&gt;&gt;&gt; â‚¦771.848
ğŸ’¶ 1 EUR &gt;&gt;&gt;&gt;&gt; â‚¦650.321"
234,2022-04-07 11:05:01+00:00,naira_rates,"Thu April, 11:05:01 AM 

ğŸ’µ 1 USD &gt;&gt;&gt;&gt;&gt; â‚¦577.369
ğŸ’· 1 GBP &gt;&gt;&gt;&gt;&gt; â‚¦768.932
ğŸ’¶ 1 EUR &gt;&gt;&gt;&gt;&gt; â‚¦642.040"
235,2022-04-06 11:05:01+00:00,naira_rates,"Wed April, 11:05:01 AM 

ğŸ’µ 1 USD &gt;&gt;&gt;&gt;&gt; â‚¦577.369
ğŸ’· 1 GBP &gt;&gt;&gt;&gt;&gt; â‚¦768.932
ğŸ’¶ 1 EUR &gt;&gt;&gt;&gt;&gt; â‚¦642.040"
236,2022-04-05 11:05:01+00:00,naira_rates,"Tue April, 11:05:01 AM 

ğŸ’µ 1 USD &gt;&gt;&gt;&gt;&gt; â‚¦577.369
ğŸ’· 1 GBP &gt;&gt;&gt;&gt;&gt; â‚¦773.597
ğŸ’¶ 1 EUR &gt;&gt;&gt;&gt;&gt; â‚¦647.580"
237,2022-04-04 11:05:01+00:00,naira_rates,"Mon April, 11:05:01 AM 

ğŸ’µ 1 USD &gt;&gt;&gt;&gt;&gt; â‚¦573.410
ğŸ’· 1 GBP &gt;&gt;&gt;&gt;&gt; â‚¦767.134
ğŸ’¶ 1 EUR &gt;&gt;&gt;&gt;&gt; â‚¦647.541"
238,2022-04-03 11:05:01+00:00,naira_rates,"Sun April, 11:05:00 AM 

ğŸ’µ 1 USD &gt;&gt;&gt;&gt;&gt; â‚¦573.410
ğŸ’· 1 GBP &gt;&gt;&gt;&gt;&gt; â‚¦767.134
ğŸ’¶ 1 EUR &gt;&gt;&gt;&gt;&gt; â‚¦647.541"
239,2022-04-02 11:05:01+00:00,naira_rates,"Sat April, 11:05:01 AM 

ğŸ’µ 1 USD &gt;&gt;&gt;&gt;&gt; â‚¦573.410
ğŸ’· 1 GBP &gt;&gt;&gt;&gt;&gt; â‚¦769.451
ğŸ’¶ 1 EUR &gt;&gt;&gt;&gt;&gt; â‚¦653.622"
240,2022-04-01 11:05:01+00:00,naira_rates,"Fri April, 11:05:00 AM 

ğŸ’µ 1 USD &gt;&gt;&gt;&gt;&gt; â‚¦573.410
ğŸ’· 1 GBP &gt;&gt;&gt;&gt;&gt; â‚¦769.451
ğŸ’¶ 1 EUR &gt;&gt;&gt;&gt;&gt; â‚¦653.622"
241,2022-03-31 11:05:01+00:00,naira_rates,"Thu March, 11:05:01 AM 

ğŸ’µ 1 USD &gt;&gt;&gt;&gt;&gt; â‚¦573.410
ğŸ’· 1 GBP &gt;&gt;&gt;&gt;&gt; â‚¦769.451
ğŸ’¶ 1 EUR &gt;&gt;&gt;&gt;&gt; â‚¦653.622"
242,2022-03-30 11:05:01+00:00,naira_rates,"Wed March, 11:05:00 AM 

ğŸ’µ 1 USD &gt;&gt;&gt;&gt;&gt; â‚¦573.410
ğŸ’· 1 GBP &gt;&gt;&gt;&gt;&gt; â‚¦768.003
ğŸ’¶ 1 EUR &gt;&gt;&gt;&gt;&gt; â‚¦651.305"
243,2022-03-29 11:05:01+00:00,naira_rates,"Tue March, 11:05:01 AM 

ğŸ’µ 1 USD &gt;&gt;&gt;&gt;&gt; â‚¦573.410
ğŸ’· 1 GBP &gt;&gt;&gt;&gt;&gt; â‚¦765.397
ğŸ’¶ 1 EUR &gt;&gt;&gt;&gt;&gt; â‚¦644.008"
244,2022-03-28 11:05:01+00:00,naira_rates,"Mon March, 11:05:01 AM 

ğŸ’µ 1 USD &gt;&gt;&gt;&gt;&gt; â‚¦573.410
ğŸ’· 1 GBP &gt;&gt;&gt;&gt;&gt; â‚¦770.319
ğŸ’¶ 1 EUR &gt;&gt;&gt;&gt;&gt; â‚¦641.402"
245,2022-03-27 11:05:01+00:00,naira_rates,"Sun March, 11:05:01 AM 

ğŸ’µ 1 USD &gt;&gt;&gt;&gt;&gt; â‚¦573.410
ğŸ’· 1 GBP &gt;&gt;&gt;&gt;&gt; â‚¦772.057
ğŸ’¶ 1 EUR &gt;&gt;&gt;&gt;&gt; â‚¦645.166"
246,2022-03-26 11:05:01+00:00,naira_rates,"Sat March, 11:05:00 AM 

ğŸ’µ 1 USD &gt;&gt;&gt;&gt;&gt; â‚¦573.410
ğŸ’· 1 GBP &gt;&gt;&gt;&gt;&gt; â‚¦772.057
ğŸ’¶ 1 EUR &gt;&gt;&gt;&gt;&gt; â‚¦645.166"
247,2022-03-25 11:05:01+00:00,naira_rates,"Fri March, 11:05:01 AM 

ğŸ’µ 1 USD &gt;&gt;&gt;&gt;&gt; â‚¦573.410
ğŸ’· 1 GBP &gt;&gt;&gt;&gt;&gt; â‚¦772.057
ğŸ’¶ 1 EUR &gt;&gt;&gt;&gt;&gt; â‚¦645.166"
248,2022-03-24 11:05:01+00:00,naira_rates,"Thu March, 11:05:00 AM 

ğŸ’µ 1 USD &gt;&gt;&gt;&gt;&gt; â‚¦573.410
ğŸ’· 1 GBP &gt;&gt;&gt;&gt;&gt; â‚¦772.057
ğŸ’¶ 1 EUR &gt;&gt;&gt;&gt;&gt; â‚¦642.850"
249,2022-03-23 11:05:01+00:00,naira_rates,"Wed March, 11:05:01 AM 

ğŸ’µ 1 USD &gt;&gt;&gt;&gt;&gt; â‚¦573.410
ğŸ’· 1 GBP &gt;&gt;&gt;&gt;&gt; â‚¦775.590
ğŸ’¶ 1 EUR &gt;&gt;&gt;&gt;&gt; â‚¦645.746"
250,2022-03-22 11:05:01+00:00,naira_rates,"Tue March, 11:05:01 AM 

ğŸ’µ 1 USD &gt;&gt;&gt;&gt;&gt; â‚¦573.410
ğŸ’· 1 GBP &gt;&gt;&gt;&gt;&gt; â‚¦768.582
ğŸ’¶ 1 EUR &gt;&gt;&gt;&gt;&gt; â‚¦642.271"
251,2022-03-21 11:05:01+00:00,naira_rates,"Mon March, 11:05:01 AM 

ğŸ’µ 1 USD &gt;&gt;&gt;&gt;&gt; â‚¦573.410
ğŸ’· 1 GBP &gt;&gt;&gt;&gt;&gt; â‚¦770.319
ğŸ’¶ 1 EUR &gt;&gt;&gt;&gt;&gt; â‚¦646.962"
252,2022-03-20 11:05:01+00:00,naira_rates,"Sun March, 11:05:01 AM 

ğŸ’µ 1 USD &gt;&gt;&gt;&gt;&gt; â‚¦574.394
ğŸ’· 1 GBP &gt;&gt;&gt;&gt;&gt; â‚¦771.642
ğŸ’¶ 1 EUR &gt;&gt;&gt;&gt;&gt; â‚¦649.523"
253,2022-03-19 11:05:01+00:00,naira_rates,"Sat March, 11:05:01 AM 

ğŸ’µ 1 USD &gt;&gt;&gt;&gt;&gt; â‚¦574.394
ğŸ’· 1 GBP &gt;&gt;&gt;&gt;&gt; â‚¦771.642
ğŸ’¶ 1 EUR &gt;&gt;&gt;&gt;&gt; â‚¦649.523"
254,2022-03-18 11:05:01+00:00,naira_rates,"Fri March, 11:05:01 AM 

ğŸ’µ 1 USD &gt;&gt;&gt;&gt;&gt; â‚¦574.394
ğŸ’· 1 GBP &gt;&gt;&gt;&gt;&gt; â‚¦771.642
ğŸ’¶ 1 EUR &gt;&gt;&gt;&gt;&gt; â‚¦649.523"
255,2022-03-17 11:05:01+00:00,naira_rates,"Thu March, 11:05:01 AM 

ğŸ’µ 1 USD &gt;&gt;&gt;&gt;&gt; â‚¦574.394
ğŸ’· 1 GBP &gt;&gt;&gt;&gt;&gt; â‚¦770.192
ğŸ’¶ 1 EUR &gt;&gt;&gt;&gt;&gt; â‚¦643.374"
256,2022-03-16 11:05:01+00:00,naira_rates,"Wed March, 11:05:01 AM 

ğŸ’µ 1 USD &gt;&gt;&gt;&gt;&gt; â‚¦573.410
ğŸ’· 1 GBP &gt;&gt;&gt;&gt;&gt; â‚¦768.871
ğŸ’¶ 1 EUR &gt;&gt;&gt;&gt;&gt; â‚¦642.271"
257,2022-03-15 13:24:16+00:00,naira_rates,"Tue March, 13:24:16 PM 

ğŸ’µ 1 USD &gt;&gt;&gt;&gt;&gt; â‚¦572.429
ğŸ’· 1 GBP &gt;&gt;&gt;&gt;&gt; â‚¦767.267
ğŸ’¶ 1 EUR &gt;&gt;&gt;&gt;&gt; â‚¦639.148"
258,2022-03-14 11:05:01+00:00,naira_rates,"Mon March, 11:05:00 AM 

ğŸ’µ 1 USD &gt;&gt;&gt;&gt;&gt; â‚¦571.429
ğŸ’· 1 GBP &gt;&gt;&gt;&gt;&gt; â‚¦765.926
ğŸ’¶ 1 EUR &gt;&gt;&gt;&gt;&gt; â‚¦638.031"
259,2022-03-13 11:05:01+00:00,naira_rates,"Sun March, 11:05:01 AM 

ğŸ’µ 1 USD &gt;&gt;&gt;&gt;&gt; â‚¦571.429
ğŸ’· 1 GBP &gt;&gt;&gt;&gt;&gt; â‚¦763.329
ğŸ’¶ 1 EUR &gt;&gt;&gt;&gt;&gt; â‚¦641.494"
260,2022-03-12 11:05:01+00:00,naira_rates,"Sat March, 11:05:01 AM 

ğŸ’µ 1 USD &gt;&gt;&gt;&gt;&gt; â‚¦571.429
ğŸ’· 1 GBP &gt;&gt;&gt;&gt;&gt; â‚¦763.329
ğŸ’¶ 1 EUR &gt;&gt;&gt;&gt;&gt; â‚¦641.494"
261,2022-03-11 11:05:01+00:00,naira_rates,"Fri March, 11:05:00 AM 

ğŸ’µ 1 USD &gt;&gt;&gt;&gt;&gt; â‚¦571.429
ğŸ’· 1 GBP &gt;&gt;&gt;&gt;&gt; â‚¦763.329
ğŸ’¶ 1 EUR &gt;&gt;&gt;&gt;&gt; â‚¦641.494"
262,2022-03-10 11:24:26+00:00,naira_rates,"Thu March, 11:24:26 AM 

ğŸ’µ 1 USD &gt;&gt;&gt;&gt;&gt; â‚¦571.429
ğŸ’· 1 GBP &gt;&gt;&gt;&gt;&gt; â‚¦768.235
ğŸ’¶ 1 EUR &gt;&gt;&gt;&gt;&gt; â‚¦645.015"
